date,dominant
2004-01-05,M0405
2004-01-06,M0405
2004-01-07,M0405
2004-01-08,M0405
2004-01-09,M0405
2004-01-12,M0405
2004-01-13,M0405
2004-01-14,M0405
2004-01-15,M0405
2004-01-16,M0405
2004-01-29,M0405
2004-01-30,M0405
2004-02-02,M0405
2004-02-03,M0405
2004-02-04,M0405
2004-02-05,M0405
2004-02-06,M0405
2004-02-09,M0405
2004-02-10,M0405
2004-02-11,M0405
2004-02-12,M0405
2004-02-13,M0405
2004-02-16,M0405
2004-02-17,M0405
2004-02-18,M0405
2004-02-19,M0405
2004-02-20,M0405
2004-02-23,M0405
2004-02-24,M0405
2004-02-25,M0405
2004-02-26,M0405
2004-02-27,M0405
2004-03-01,M0405
2004-03-02,M0405
2004-03-03,M0408
2004-03-04,M0408
2004-03-05,M0408
2004-03-08,M0408
2004-03-09,M0408
2004-03-10,M0408
2004-03-11,M0408
2004-03-12,M0408
2004-03-15,M0408
2004-03-16,M0408
2004-03-17,M0408
2004-03-18,M0408
2004-03-19,M0408
2004-03-22,M0408
2004-03-23,M0408
2004-03-24,M0408
2004-03-25,M0408
2004-03-26,M0408
2004-03-29,M0408
2004-03-30,M0408
2004-03-31,M0408
2004-04-01,M0408
2004-04-02,M0408
2004-04-05,M0408
2004-04-06,M0408
2004-04-07,M0408
2004-04-08,M0408
2004-04-09,M0408
2004-04-12,M0408
2004-04-13,M0408
2004-04-14,M0408
2004-04-15,M0408
2004-04-16,M0408
2004-04-19,M0408
2004-04-20,M0408
2004-04-21,M0408
2004-04-22,M0408
2004-04-23,M0408
2004-04-26,M0408
2004-04-27,M0408
2004-04-28,M0408
2004-04-29,M0408
2004-04-30,M0408
2004-05-10,M0408
2004-05-11,M0408
2004-05-12,M0408
2004-05-13,M0409
2004-05-14,M0409
2004-05-17,M0409
2004-05-18,M0409
2004-05-19,M0409
2004-05-20,M0409
2004-05-21,M0409
2004-05-24,M0409
2004-05-25,M0409
2004-05-26,M0409
2004-05-27,M0409
2004-05-28,M0409
2004-05-31,M0409
2004-06-01,M0409
2004-06-02,M0409
2004-06-03,M0409
2004-06-04,M0409
2004-06-07,M0409
2004-06-08,M0409
2004-06-09,M0409
2004-06-10,M0409
2004-06-11,M0409
2004-06-14,M0409
2004-06-15,M0409
2004-06-16,M0409
2004-06-17,M0409
2004-06-18,M0409
2004-06-21,M0409
2004-06-22,M0409
2004-06-23,M0409
2004-06-24,M0409
2004-06-25,M0409
2004-06-28,M0409
2004-06-29,M0409
2004-06-30,M0409
2004-07-01,M0409
2004-07-02,M0409
2004-07-05,M0409
2004-07-06,M0409
2004-07-07,M0409
2004-07-08,M0409
2004-07-09,M0409
2004-07-12,M0409
2004-07-13,M0409
2004-07-14,M0409
2004-07-15,M0409
2004-07-16,M0409
2004-07-19,M0409
2004-07-20,M0409
2004-07-21,M0409
2004-07-22,M0409
2004-07-23,M0409
2004-07-26,M0409
2004-07-27,M0409
2004-07-28,M0409
2004-07-29,M0409
2004-07-30,M0409
2004-08-02,M0409
2004-08-03,M0409
2004-08-04,M0409
2004-08-05,M0409
2004-08-06,M0409
2004-08-09,M0409
2004-08-10,M0409
2004-08-11,M0409
2004-08-12,M0409
2004-08-13,M0409
2004-08-16,M0409
2004-08-17,M0409
2004-08-18,M0409
2004-08-19,M0409
2004-08-20,M0409
2004-08-23,M0409
2004-08-24,M0409
2004-08-25,M0409
2004-08-26,M0409
2004-08-27,M0411
2004-08-30,M0411
2004-08-31,M0411
2004-09-01,M0411
2004-09-02,M0411
2004-09-03,M0411
2004-09-06,M0411
2004-09-07,M0411
2004-09-08,M0501
2004-09-09,M0501
2004-09-10,M0501
2004-09-13,M0501
2004-09-14,M0501
2004-09-15,M0501
2004-09-16,M0501
2004-09-17,M0501
2004-09-20,M0501
2004-09-21,M0501
2004-09-22,M0501
2004-09-23,M0501
2004-09-24,M0501
2004-09-27,M0501
2004-09-28,M0501
2004-09-29,M0501
2004-09-30,M0501
2004-10-08,M0501
2004-10-11,M0501
2004-10-12,M0501
2004-10-13,M0501
2004-10-14,M0501
2004-10-15,M0501
2004-10-18,M0501
2004-10-19,M0501
2004-10-20,M0501
2004-10-21,M0501
2004-10-22,M0501
2004-10-25,M0501
2004-10-26,M0501
2004-10-27,M0501
2004-10-28,M0501
2004-10-29,M0501
2004-11-01,M0501
2004-11-02,M0501
2004-11-03,M0501
2004-11-04,M0501
2004-11-05,M0501
2004-11-08,M0501
2004-11-09,M0501
2004-11-10,M0501
2004-11-11,M0501
2004-11-12,M0501
2004-11-15,M0501
2004-11-16,M0501
2004-11-17,M0501
2004-11-18,M0501
2004-11-19,M0501
2004-11-22,M0501
2004-11-23,M0501
2004-11-24,M0501
2004-11-25,M0501
2004-11-26,M0501
2004-11-29,M0501
2004-11-30,M0501
2004-12-01,M0501
2004-12-02,M0501
2004-12-03,M0501
2004-12-06,M0505
2004-12-07,M0505
2004-12-08,M0505
2004-12-09,M0505
2004-12-10,M0505
2004-12-13,M0505
2004-12-14,M0505
2004-12-15,M0505
2004-12-16,M0505
2004-12-17,M0505
2004-12-20,M0505
2004-12-21,M0505
2004-12-22,M0505
2004-12-23,M0505
2004-12-24,M0505
2004-12-27,M0505
2004-12-28,M0505
2004-12-29,M0505
2004-12-30,M0505
2004-12-31,M0505
2005-01-04,M0505
2005-01-05,M0505
2005-01-06,M0505
2005-01-07,M0505
2005-01-10,M0505
2005-01-11,M0505
2005-01-12,M0505
2005-01-13,M0505
2005-01-14,M0505
2005-01-17,M0505
2005-01-18,M0505
2005-01-19,M0505
2005-01-20,M0505
2005-01-21,M0505
2005-01-24,M0505
2005-01-25,M0505
2005-01-26,M0505
2005-01-27,M0505
2005-01-28,M0505
2005-01-31,M0505
2005-02-01,M0505
2005-02-02,M0505
2005-02-03,M0505
2005-02-04,M0505
2005-02-16,M0505
2005-02-17,M0505
2005-02-18,M0505
2005-02-21,M0505
2005-02-22,M0505
2005-02-23,M0505
2005-02-24,M0505
2005-02-25,M0505
2005-02-28,M0505
2005-03-01,M0505
2005-03-02,M0505
2005-03-03,M0505
2005-03-04,M0505
2005-03-07,M0505
2005-03-08,M0505
2005-03-09,M0505
2005-03-10,M0505
2005-03-11,M0505
2005-03-14,M0505
2005-03-15,M0505
2005-03-16,M0505
2005-03-17,M0508
2005-03-18,M0508
2005-03-21,M0508
2005-03-22,M0508
2005-03-23,M0508
2005-03-24,M0508
2005-03-25,M0508
2005-03-28,M0508
2005-03-29,M0508
2005-03-30,M0508
2005-03-31,M0508
2005-04-01,M0508
2005-04-04,M0508
2005-04-05,M0508
2005-04-06,M0508
2005-04-07,M0508
2005-04-08,M0508
2005-04-11,M0508
2005-04-12,M0508
2005-04-13,M0508
2005-04-14,M0508
2005-04-15,M0508
2005-04-18,M0508
2005-04-19,M0508
2005-04-20,M0508
2005-04-21,M0508
2005-04-22,M0508
2005-04-25,M0508
2005-04-26,M0508
2005-04-27,M0508
2005-04-28,M0508
2005-04-29,M0508
2005-05-09,M0508
2005-05-10,M0508
2005-05-11,M0508
2005-05-12,M0508
2005-05-13,M0508
2005-05-16,M0508
2005-05-17,M0508
2005-05-18,M0508
2005-05-19,M0508
2005-05-20,M0508
2005-05-23,M0508
2005-05-24,M0508
2005-05-25,M0508
2005-05-26,M0508
2005-05-27,M0508
2005-05-30,M0508
2005-05-31,M0508
2005-06-01,M0508
2005-06-02,M0508
2005-06-03,M0508
2005-06-06,M0508
2005-06-07,M0508
2005-06-08,M0508
2005-06-09,M0508
2005-06-10,M0508
2005-06-13,M0508
2005-06-14,M0508
2005-06-15,M0508
2005-06-16,M0508
2005-06-17,M0508
2005-06-20,M0508
2005-06-21,M0509
2005-06-22,M0509
2005-06-23,M0509
2005-06-24,M0509
2005-06-27,M0509
2005-06-28,M0509
2005-06-29,M0509
2005-06-30,M0509
2005-07-01,M0509
2005-07-04,M0509
2005-07-05,M0509
2005-07-06,M0509
2005-07-07,M0509
2005-07-08,M0509
2005-07-11,M0509
2005-07-12,M0509
2005-07-13,M0509
2005-07-14,M0509
2005-07-15,M0509
2005-07-18,M0509
2005-07-19,M0509
2005-07-20,M0509
2005-07-21,M0509
2005-07-22,M0509
2005-07-25,M0509
2005-07-26,M0509
2005-07-27,M0509
2005-07-28,M0509
2005-07-29,M0509
2005-08-01,M0509
2005-08-02,M0509
2005-08-03,M0511
2005-08-04,M0511
2005-08-05,M0511
2005-08-08,M0511
2005-08-09,M0511
2005-08-10,M0511
2005-08-11,M0511
2005-08-12,M0511
2005-08-15,M0511
2005-08-16,M0511
2005-08-17,M0511
2005-08-18,M0511
2005-08-19,M0511
2005-08-22,M0511
2005-08-23,M0511
2005-08-24,M0511
2005-08-25,M0511
2005-08-26,M0511
2005-08-29,M0511
2005-08-30,M0511
2005-08-31,M0511
2005-09-01,M0511
2005-09-02,M0511
2005-09-05,M0511
2005-09-06,M0601
2005-09-07,M0601
2005-09-08,M0601
2005-09-09,M0601
2005-09-12,M0601
2005-09-13,M0601
2005-09-14,M0601
2005-09-15,M0601
2005-09-16,M0601
2005-09-19,M0601
2005-09-20,M0601
2005-09-21,M0601
2005-09-22,M0601
2005-09-23,M0601
2005-09-26,M0601
2005-09-27,M0601
2005-09-28,M0601
2005-09-29,M0601
2005-09-30,M0601
2005-10-10,M0601
2005-10-11,M0601
2005-10-12,M0601
2005-10-13,M0601
2005-10-14,M0601
2005-10-17,M0601
2005-10-18,M0601
2005-10-19,M0601
2005-10-20,M0601
2005-10-21,M0601
2005-10-24,M0601
2005-10-25,M0601
2005-10-26,M0605
2005-10-27,M0605
2005-10-28,M0605
2005-10-31,M0605
2005-11-01,M0605
2005-11-02,M0605
2005-11-03,M0605
2005-11-04,M0605
2005-11-07,M0605
2005-11-08,M0605
2005-11-09,M0605
2005-11-10,M0605
2005-11-11,M0605
2005-11-14,M0605
2005-11-15,M0605
2005-11-16,M0605
2005-11-17,M0605
2005-11-18,M0605
2005-11-21,M0605
2005-11-22,M0605
2005-11-23,M0605
2005-11-24,M0605
2005-11-25,M0605
2005-11-28,M0605
2005-11-29,M0605
2005-11-30,M0605
2005-12-01,M0605
2005-12-02,M0605
2005-12-05,M0605
2005-12-06,M0605
2005-12-07,M0605
2005-12-08,M0605
2005-12-09,M0605
2005-12-12,M0605
2005-12-13,M0605
2005-12-14,M0605
2005-12-15,M0605
2005-12-16,M0605
2005-12-19,M0605
2005-12-20,M0605
2005-12-21,M0605
2005-12-22,M0605
2005-12-23,M0605
2005-12-26,M0605
2005-12-27,M0605
2005-12-28,M0605
2005-12-29,M0605
2005-12-30,M0605
2006-01-04,M0605
2006-01-05,M0605
2006-01-06,M0605
2006-01-09,M0605
2006-01-10,M0605
2006-01-11,M0605
2006-01-12,M0605
2006-01-13,M0605
2006-01-16,M0605
2006-01-17,M0605
2006-01-18,M0605
2006-01-19,M0605
2006-01-20,M0605
2006-01-23,M0605
2006-01-24,M0605
2006-01-25,M0605
2006-02-06,M0605
2006-02-07,M0605
2006-02-08,M0605
2006-02-09,M0605
2006-02-10,M0605
2006-02-13,M0605
2006-02-14,M0605
2006-02-15,M0605
2006-02-16,M0605
2006-02-17,M0605
2006-02-20,M0609
2006-02-21,M0609
2006-02-22,M0609
2006-02-23,M0609
2006-02-24,M0609
2006-02-27,M0609
2006-02-28,M0609
2006-03-01,M0609
2006-03-02,M0609
2006-03-03,M0609
2006-03-06,M0609
2006-03-07,M0609
2006-03-08,M0609
2006-03-09,M0609
2006-03-10,M0609
2006-03-13,M0609
2006-03-14,M0609
2006-03-15,M0609
2006-03-16,M0609
2006-03-17,M0609
2006-03-20,M0609
2006-03-21,M0609
2006-03-22,M0609
2006-03-23,M0609
2006-03-24,M0609
2006-03-27,M0609
2006-03-28,M0609
2006-03-29,M0609
2006-03-30,M0609
2006-03-31,M0609
2006-04-03,M0609
2006-04-04,M0609
2006-04-05,M0609
2006-04-06,M0609
2006-04-07,M0609
2006-04-10,M0609
2006-04-11,M0609
2006-04-12,M0609
2006-04-13,M0609
2006-04-14,M0609
2006-04-17,M0609
2006-04-18,M0609
2006-04-19,M0609
2006-04-20,M0609
2006-04-21,M0609
2006-04-24,M0609
2006-04-25,M0609
2006-04-26,M0609
2006-04-27,M0609
2006-04-28,M0609
2006-05-08,M0609
2006-05-09,M0609
2006-05-10,M0609
2006-05-11,M0609
2006-05-12,M0611
2006-05-15,M0611
2006-05-16,M0611
2006-05-17,M0611
2006-05-18,M0611
2006-05-19,M0611
2006-05-22,M0611
2006-05-23,M0611
2006-05-24,M0611
2006-05-25,M0611
2006-05-26,M0611
2006-05-29,M0611
2006-05-30,M0611
2006-05-31,M0611
2006-06-01,M0611
2006-06-02,M0611
2006-06-05,M0611
2006-06-06,M0611
2006-06-07,M0611
2006-06-08,M0611
2006-06-09,M0611
2006-06-12,M0611
2006-06-13,M0611
2006-06-14,M0611
2006-06-15,M0611
2006-06-16,M0611
2006-06-19,M0611
2006-06-20,M0611
2006-06-21,M0611
2006-06-22,M0611
2006-06-23,M0611
2006-06-26,M0611
2006-06-27,M0611
2006-06-28,M0611
2006-06-29,M0611
2006-06-30,M0611
2006-07-03,M0611
2006-07-04,M0611
2006-07-05,M0611
2006-07-06,M0611
2006-07-07,M0611
2006-07-10,M0611
2006-07-11,M0611
2006-07-12,M0611
2006-07-13,M0611
2006-07-14,M0611
2006-07-17,M0611
2006-07-18,M0611
2006-07-19,M0611
2006-07-20,M0611
2006-07-21,M0611
2006-07-24,M0611
2006-07-25,M0611
2006-07-26,M0611
2006-07-27,M0611
2006-07-28,M0611
2006-07-31,M0611
2006-08-01,M0701
2006-08-02,M0701
2006-08-03,M0701
2006-08-04,M0701
2006-08-07,M0701
2006-08-08,M0701
2006-08-09,M0701
2006-08-10,M0701
2006-08-11,M0701
2006-08-14,M0701
2006-08-15,M0701
2006-08-16,M0701
2006-08-17,M0701
2006-08-18,M0701
2006-08-21,M0701
2006-08-22,M0701
2006-08-23,M0701
2006-08-24,M0701
2006-08-25,M0701
2006-08-28,M0701
2006-08-29,M0701
2006-08-30,M0701
2006-08-31,M0701
2006-09-01,M0701
2006-09-04,M0701
2006-09-05,M0701
2006-09-06,M0701
2006-09-07,M0701
2006-09-08,M0701
2006-09-11,M0701
2006-09-12,M0701
2006-09-13,M0701
2006-09-14,M0701
2006-09-15,M0701
2006-09-18,M0701
2006-09-19,M0701
2006-09-20,M0701
2006-09-21,M0701
2006-09-22,M0701
2006-09-25,M0701
2006-09-26,M0701
2006-09-27,M0701
2006-09-28,M0701
2006-09-29,M0701
2006-10-09,M0701
2006-10-10,M0701
2006-10-11,M0701
2006-10-12,M0701
2006-10-13,M0701
2006-10-16,M0701
2006-10-17,M0701
2006-10-18,M0701
2006-10-19,M0701
2006-10-20,M0705
2006-10-23,M0705
2006-10-24,M0705
2006-10-25,M0705
2006-10-26,M0705
2006-10-27,M0705
2006-10-30,M0705
2006-10-31,M0705
2006-11-01,M0705
2006-11-02,M0705
2006-11-03,M0705
2006-11-06,M0705
2006-11-07,M0705
2006-11-08,M0705
2006-11-09,M0705
2006-11-10,M0705
2006-11-13,M0705
2006-11-14,M0705
2006-11-15,M0705
2006-11-16,M0705
2006-11-17,M0705
2006-11-20,M0705
2006-11-21,M0705
2006-11-22,M0705
2006-11-23,M0705
2006-11-24,M0705
2006-11-27,M0705
2006-11-28,M0705
2006-11-29,M0705
2006-11-30,M0705
2006-12-01,M0705
2006-12-04,M0705
2006-12-05,M0705
2006-12-06,M0705
2006-12-07,M0705
2006-12-08,M0705
2006-12-11,M0705
2006-12-12,M0705
2006-12-13,M0705
2006-12-14,M0705
2006-12-15,M0705
2006-12-18,M0705
2006-12-19,M0705
2006-12-20,M0705
2006-12-21,M0705
2006-12-22,M0705
2006-12-25,M0705
2006-12-26,M0705
2006-12-27,M0705
2006-12-28,M0705
2006-12-29,M0705
2007-01-04,M0705
2007-01-05,M0705
2007-01-08,M0705
2007-01-09,M0705
2007-01-10,M0705
2007-01-11,M0705
2007-01-12,M0705
2007-01-15,M0705
2007-01-16,M0705
2007-01-17,M0705
2007-01-18,M0705
2007-01-19,M0705
2007-01-22,M0705
2007-01-23,M0705
2007-01-24,M0705
2007-01-25,M0705
2007-01-26,M0705
2007-01-29,M0705
2007-01-30,M0705
2007-01-31,M0705
2007-02-01,M0709
2007-02-02,M0709
2007-02-05,M0709
2007-02-06,M0709
2007-02-07,M0709
2007-02-08,M0709
2007-02-09,M0709
2007-02-12,M0709
2007-02-13,M0709
2007-02-14,M0709
2007-02-15,M0709
2007-02-16,M0709
2007-02-26,M0709
2007-02-27,M0709
2007-02-28,M0709
2007-03-01,M0709
2007-03-02,M0709
2007-03-05,M0709
2007-03-06,M0709
2007-03-07,M0709
2007-03-08,M0709
2007-03-09,M0709
2007-03-12,M0709
2007-03-13,M0709
2007-03-14,M0709
2007-03-15,M0709
2007-03-16,M0709
2007-03-19,M0709
2007-03-20,M0709
2007-03-21,M0709
2007-03-22,M0709
2007-03-23,M0709
2007-03-26,M0709
2007-03-27,M0709
2007-03-28,M0709
2007-03-29,M0709
2007-03-30,M0709
2007-04-02,M0709
2007-04-03,M0709
2007-04-04,M0709
2007-04-05,M0709
2007-04-06,M0709
2007-04-09,M0709
2007-04-10,M0709
2007-04-11,M0709
2007-04-12,M0709
2007-04-13,M0709
2007-04-16,M0709
2007-04-17,M0709
2007-04-18,M0709
2007-04-19,M0709
2007-04-20,M0709
2007-04-23,M0709
2007-04-24,M0709
2007-04-25,M0709
2007-04-26,M0709
2007-04-27,M0709
2007-04-30,M0709
2007-05-08,M0709
2007-05-09,M0709
2007-05-10,M0709
2007-05-11,M0709
2007-05-14,M0709
2007-05-15,M0709
2007-05-16,M0709
2007-05-17,M0709
2007-05-18,M0709
2007-05-21,M0709
2007-05-22,M0709
2007-05-23,M0709
2007-05-24,M0709
2007-05-25,M0709
2007-05-28,M0709
2007-05-29,M0709
2007-05-30,M0709
2007-05-31,M0709
2007-06-01,M0709
2007-06-04,M0709
2007-06-05,M0709
2007-06-06,M0709
2007-06-07,M0709
2007-06-08,M0709
2007-06-11,M0709
2007-06-12,M0709
2007-06-13,M0709
2007-06-14,M0709
2007-06-15,M0709
2007-06-18,M0709
2007-06-19,M0709
2007-06-20,M0709
2007-06-21,M0709
2007-06-22,M0709
2007-06-25,M0709
2007-06-26,M0709
2007-06-27,M0709
2007-06-28,M0709
2007-06-29,M0709
2007-07-02,M0709
2007-07-03,M0709
2007-07-04,M0801
2007-07-05,M0801
2007-07-06,M0801
2007-07-09,M0801
2007-07-10,M0801
2007-07-11,M0801
2007-07-12,M0801
2007-07-13,M0801
2007-07-16,M0801
2007-07-17,M0801
2007-07-18,M0801
2007-07-19,M0801
2007-07-20,M0801
2007-07-23,M0801
2007-07-24,M0801
2007-07-25,M0801
2007-07-26,M0801
2007-07-27,M0801
2007-07-30,M0801
2007-07-31,M0801
2007-08-01,M0801
2007-08-02,M0801
2007-08-03,M0801
2007-08-06,M0801
2007-08-07,M0801
2007-08-08,M0801
2007-08-09,M0801
2007-08-10,M0801
2007-08-13,M0801
2007-08-14,M0801
2007-08-15,M0801
2007-08-16,M0801
2007-08-17,M0801
2007-08-20,M0801
2007-08-21,M0801
2007-08-22,M0801
2007-08-23,M0801
2007-08-24,M0805
2007-08-27,M0805
2007-08-28,M0805
2007-08-29,M0805
2007-08-30,M0805
2007-08-31,M0805
2007-09-03,M0805
2007-09-04,M0805
2007-09-05,M0805
2007-09-06,M0805
2007-09-07,M0805
2007-09-10,M0805
2007-09-11,M0805
2007-09-12,M0805
2007-09-13,M0805
2007-09-14,M0805
2007-09-17,M0805
2007-09-18,M0805
2007-09-19,M0805
2007-09-20,M0805
2007-09-21,M0805
2007-09-24,M0805
2007-09-25,M0805
2007-09-26,M0805
2007-09-27,M0805
2007-09-28,M0805
2007-10-08,M0805
2007-10-09,M0805
2007-10-10,M0805
2007-10-11,M0805
2007-10-12,M0805
2007-10-15,M0805
2007-10-16,M0805
2007-10-17,M0805
2007-10-18,M0805
2007-10-19,M0805
2007-10-22,M0805
2007-10-23,M0805
2007-10-24,M0805
2007-10-25,M0805
2007-10-26,M0805
2007-10-29,M0805
2007-10-30,M0805
2007-10-31,M0805
2007-11-01,M0805
2007-11-02,M0805
2007-11-05,M0805
2007-11-06,M0805
2007-11-07,M0805
2007-11-08,M0805
2007-11-09,M0805
2007-11-12,M0805
2007-11-13,M0805
2007-11-14,M0805
2007-11-15,M0805
2007-11-16,M0805
2007-11-19,M0805
2007-11-20,M0805
2007-11-21,M0805
2007-11-22,M0805
2007-11-23,M0805
2007-11-26,M0805
2007-11-27,M0805
2007-11-28,M0805
2007-11-29,M0805
2007-11-30,M0805
2007-12-03,M0805
2007-12-04,M0805
2007-12-05,M0805
2007-12-06,M0805
2007-12-07,M0805
2007-12-10,M0805
2007-12-11,M0805
2007-12-12,M0805
2007-12-13,M0805
2007-12-14,M0809
2007-12-17,M0809
2007-12-18,M0809
2007-12-19,M0809
2007-12-20,M0809
2007-12-21,M0809
2007-12-24,M0809
2007-12-25,M0809
2007-12-26,M0809
2007-12-27,M0809
2007-12-28,M0809
2008-01-02,M0809
2008-01-03,M0809
2008-01-04,M0809
2008-01-07,M0809
2008-01-08,M0809
2008-01-09,M0809
2008-01-10,M0809
2008-01-11,M0809
2008-01-14,M0809
2008-01-15,M0809
2008-01-16,M0809
2008-01-17,M0809
2008-01-18,M0809
2008-01-21,M0809
2008-01-22,M0809
2008-01-23,M0809
2008-01-24,M0809
2008-01-25,M0809
2008-01-28,M0809
2008-01-29,M0809
2008-01-30,M0809
2008-01-31,M0809
2008-02-01,M0809
2008-02-04,M0809
2008-02-05,M0809
2008-02-13,M0809
2008-02-14,M0809
2008-02-15,M0809
2008-02-18,M0809
2008-02-19,M0809
2008-02-20,M0809
2008-02-21,M0809
2008-02-22,M0809
2008-02-25,M0809
2008-02-26,M0809
2008-02-27,M0809
2008-02-28,M0809
2008-02-29,M0809
2008-03-03,M0809
2008-03-04,M0809
2008-03-05,M0809
2008-03-06,M0809
2008-03-07,M0809
2008-03-10,M0809
2008-03-11,M0809
2008-03-12,M0809
2008-03-13,M0809
2008-03-14,M0809
2008-03-17,M0809
2008-03-18,M0809
2008-03-19,M0809
2008-03-20,M0809
2008-03-21,M0809
2008-03-24,M0809
2008-03-25,M0809
2008-03-26,M0809
2008-03-27,M0809
2008-03-28,M0809
2008-03-31,M0809
2008-04-01,M0809
2008-04-02,M0809
2008-04-03,M0809
2008-04-07,M0809
2008-04-08,M0809
2008-04-09,M0809
2008-04-10,M0809
2008-04-11,M0809
2008-04-14,M0809
2008-04-15,M0809
2008-04-16,M0809
2008-04-17,M0809
2008-04-18,M0809
2008-04-21,M0809
2008-04-22,M0809
2008-04-23,M0809
2008-04-24,M0809
2008-04-25,M0809
2008-04-28,M0809
2008-04-29,M0809
2008-04-30,M0809
2008-05-05,M0809
2008-05-06,M0809
2008-05-07,M0809
2008-05-08,M0809
2008-05-09,M0809
2008-05-12,M0809
2008-05-13,M0809
2008-05-14,M0809
2008-05-15,M0809
2008-05-16,M0809
2008-05-19,M0809
2008-05-20,M0809
2008-05-21,M0809
2008-05-22,M0809
2008-05-23,M0809
2008-05-26,M0809
2008-05-27,M0809
2008-05-28,M0809
2008-05-29,M0809
2008-05-30,M0809
2008-06-02,M0809
2008-06-03,M0809
2008-06-04,M0809
2008-06-05,M0809
2008-06-06,M0809
2008-06-10,M0809
2008-06-11,M0809
2008-06-12,M0809
2008-06-13,M0809
2008-06-16,M0809
2008-06-17,M0809
2008-06-18,M0809
2008-06-19,M0809
2008-06-20,M0809
2008-06-23,M0809
2008-06-24,M0809
2008-06-25,M0809
2008-06-26,M0901
2008-06-27,M0901
2008-06-30,M0901
2008-07-01,M0901
2008-07-02,M0901
2008-07-03,M0901
2008-07-04,M0901
2008-07-07,M0901
2008-07-08,M0901
2008-07-09,M0901
2008-07-10,M0901
2008-07-11,M0901
2008-07-14,M0901
2008-07-15,M0901
2008-07-16,M0901
2008-07-17,M0901
2008-07-18,M0901
2008-07-21,M0901
2008-07-22,M0901
2008-07-23,M0901
2008-07-24,M0901
2008-07-25,M0901
2008-07-28,M0901
2008-07-29,M0901
2008-07-30,M0901
2008-07-31,M0901
2008-08-01,M0901
2008-08-04,M0901
2008-08-05,M0901
2008-08-06,M0901
2008-08-07,M0901
2008-08-08,M0901
2008-08-11,M0901
2008-08-12,M0901
2008-08-13,M0901
2008-08-14,M0901
2008-08-15,M0901
2008-08-18,M0901
2008-08-19,M0901
2008-08-20,M0901
2008-08-21,M0901
2008-08-22,M0901
2008-08-25,M0901
2008-08-26,M0901
2008-08-27,M0901
2008-08-28,M0901
2008-08-29,M0901
2008-09-01,M0901
2008-09-02,M0901
2008-09-03,M0901
2008-09-04,M0901
2008-09-05,M0901
2008-09-08,M0901
2008-09-09,M0901
2008-09-10,M0901
2008-09-11,M0901
2008-09-12,M0901
2008-09-16,M0901
2008-09-17,M0901
2008-09-18,M0901
2008-09-19,M0901
2008-09-22,M0901
2008-09-23,M0901
2008-09-24,M0901
2008-09-25,M0901
2008-09-26,M0901
2008-10-06,M0901
2008-10-07,M0901
2008-10-08,M0901
2008-10-09,M0901
2008-10-10,M0901
2008-10-13,M0901
2008-10-14,M0901
2008-10-15,M0901
2008-10-16,M0901
2008-10-17,M0901
2008-10-20,M0901
2008-10-21,M0901
2008-10-22,M0901
2008-10-23,M0901
2008-10-24,M0901
2008-10-27,M0901
2008-10-28,M0901
2008-10-29,M0901
2008-10-30,M0901
2008-10-31,M0901
2008-11-03,M0905
2008-11-04,M0905
2008-11-05,M0905
2008-11-06,M0905
2008-11-07,M0905
2008-11-10,M0905
2008-11-11,M0905
2008-11-12,M0905
2008-11-13,M0905
2008-11-14,M0905
2008-11-17,M0905
2008-11-18,M0905
2008-11-19,M0905
2008-11-20,M0905
2008-11-21,M0905
2008-11-24,M0905
2008-11-25,M0905
2008-11-26,M0905
2008-11-27,M0905
2008-11-28,M0905
2008-12-01,M0905
2008-12-02,M0905
2008-12-03,M0905
2008-12-04,M0905
2008-12-05,M0905
2008-12-08,M0905
2008-12-09,M0905
2008-12-10,M0905
2008-12-11,M0905
2008-12-12,M0905
2008-12-15,M0905
2008-12-16,M0905
2008-12-17,M0905
2008-12-18,M0905
2008-12-19,M0905
2008-12-22,M0905
2008-12-23,M0905
2008-12-24,M0905
2008-12-25,M0905
2008-12-26,M0905
2008-12-29,M0905
2008-12-30,M0905
2008-12-31,M0905
2009-01-05,M0905
2009-01-06,M0905
2009-01-07,M0905
2009-01-08,M0905
2009-01-09,M0905
2009-01-12,M0905
2009-01-13,M0905
2009-01-14,M0905
2009-01-15,M0905
2009-01-16,M0905
2009-01-19,M0905
2009-01-20,M0905
2009-01-21,M0905
2009-01-22,M0905
2009-01-23,M0905
2009-02-02,M0905
2009-02-03,M0905
2009-02-04,M0905
2009-02-05,M0905
2009-02-06,M0905
2009-02-09,M0905
2009-02-10,M0905
2009-02-11,M0905
2009-02-12,M0905
2009-02-13,M0905
2009-02-16,M0905
2009-02-17,M0905
2009-02-18,M0905
2009-02-19,M0905
2009-02-20,M0905
2009-02-23,M0905
2009-02-24,M0905
2009-02-25,M0909
2009-02-26,M0909
2009-02-27,M0909
2009-03-02,M0909
2009-03-03,M0909
2009-03-04,M0909
2009-03-05,M0909
2009-03-06,M0909
2009-03-09,M0909
2009-03-10,M0909
2009-03-11,M0909
2009-03-12,M0909
2009-03-13,M0909
2009-03-16,M0909
2009-03-17,M0909
2009-03-18,M0909
2009-03-19,M0909
2009-03-20,M0909
2009-03-23,M0909
2009-03-24,M0909
2009-03-25,M0909
2009-03-26,M0909
2009-03-27,M0909
2009-03-30,M0909
2009-03-31,M0909
2009-04-01,M0909
2009-04-02,M0909
2009-04-03,M0909
2009-04-07,M0909
2009-04-08,M0909
2009-04-09,M0909
2009-04-10,M0909
2009-04-13,M0909
2009-04-14,M0909
2009-04-15,M0909
2009-04-16,M0909
2009-04-17,M0909
2009-04-20,M0909
2009-04-21,M0909
2009-04-22,M0909
2009-04-23,M0909
2009-04-24,M0909
2009-04-27,M0909
2009-04-28,M0909
2009-04-29,M0909
2009-04-30,M0909
2009-05-04,M0909
2009-05-05,M0909
2009-05-06,M0909
2009-05-07,M0909
2009-05-08,M0909
2009-05-11,M0909
2009-05-12,M0909
2009-05-13,M0909
2009-05-14,M0909
2009-05-15,M0909
2009-05-18,M0909
2009-05-19,M0909
2009-05-20,M0909
2009-05-21,M0909
2009-05-22,M0909
2009-05-25,M0909
2009-05-26,M0909
2009-05-27,M0909
2009-06-01,M0909
2009-06-02,M0909
2009-06-03,M0909
2009-06-04,M0909
2009-06-05,M0909
2009-06-08,M0909
2009-06-09,M0909
2009-06-10,M0909
2009-06-11,M0909
2009-06-12,M0909
2009-06-15,M1001
2009-06-16,M1001
2009-06-17,M1001
2009-06-18,M1001
2009-06-19,M1001
2009-06-22,M1001
2009-06-23,M1001
2009-06-24,M1001
2009-06-25,M1001
2009-06-26,M1001
2009-06-29,M1001
2009-06-30,M1001
2009-07-01,M1001
2009-07-02,M1001
2009-07-03,M1001
2009-07-06,M1001
2009-07-07,M1001
2009-07-08,M1001
2009-07-09,M1001
2009-07-10,M1001
2009-07-13,M1001
2009-07-14,M1001
2009-07-15,M1001
2009-07-16,M1001
2009-07-17,M1001
2009-07-20,M1001
2009-07-21,M1001
2009-07-22,M1001
2009-07-23,M1001
2009-07-24,M1001
2009-07-27,M1001
2009-07-28,M1001
2009-07-29,M1001
2009-07-30,M1001
2009-07-31,M1005
2009-08-03,M1005
2009-08-04,M1005
2009-08-05,M1005
2009-08-06,M1005
2009-08-07,M1005
2009-08-10,M1005
2009-08-11,M1005
2009-08-12,M1005
2009-08-13,M1005
2009-08-14,M1005
2009-08-17,M1005
2009-08-18,M1005
2009-08-19,M1005
2009-08-20,M1005
2009-08-21,M1005
2009-08-24,M1005
2009-08-25,M1005
2009-08-26,M1005
2009-08-27,M1005
2009-08-28,M1005
2009-08-31,M1005
2009-09-01,M1005
2009-09-02,M1005
2009-09-03,M1005
2009-09-04,M1005
2009-09-07,M1005
2009-09-08,M1005
2009-09-09,M1005
2009-09-10,M1005
2009-09-11,M1005
2009-09-14,M1005
2009-09-15,M1005
2009-09-16,M1005
2009-09-17,M1005
2009-09-18,M1005
2009-09-21,M1005
2009-09-22,M1005
2009-09-23,M1005
2009-09-24,M1005
2009-09-25,M1005
2009-09-28,M1005
2009-09-29,M1005
2009-09-30,M1005
2009-10-09,M1005
2009-10-12,M1005
2009-10-13,M1005
2009-10-14,M1005
2009-10-15,M1005
2009-10-16,M1005
2009-10-19,M1005
2009-10-20,M1005
2009-10-21,M1005
2009-10-22,M1005
2009-10-23,M1005
2009-10-26,M1005
2009-10-27,M1005
2009-10-28,M1005
2009-10-29,M1005
2009-10-30,M1005
2009-11-02,M1005
2009-11-03,M1005
2009-11-04,M1005
2009-11-05,M1005
2009-11-06,M1005
2009-11-09,M1005
2009-11-10,M1005
2009-11-11,M1005
2009-11-12,M1005
2009-11-13,M1005
2009-11-16,M1005
2009-11-17,M1005
2009-11-18,M1005
2009-11-19,M1005
2009-11-20,M1005
2009-11-23,M1009
2009-11-24,M1009
2009-11-25,M1009
2009-11-26,M1009
2009-11-27,M1009
2009-11-30,M1009
2009-12-01,M1009
2009-12-02,M1009
2009-12-03,M1009
2009-12-04,M1009
2009-12-07,M1009
2009-12-08,M1009
2009-12-09,M1009
2009-12-10,M1009
2009-12-11,M1009
2009-12-14,M1009
2009-12-15,M1009
2009-12-16,M1009
2009-12-17,M1009
2009-12-18,M1009
2009-12-21,M1009
2009-12-22,M1009
2009-12-23,M1009
2009-12-24,M1009
2009-12-25,M1009
2009-12-28,M1009
2009-12-29,M1009
2009-12-30,M1009
2009-12-31,M1009
2010-01-04,M1009
2010-01-05,M1009
2010-01-06,M1009
2010-01-07,M1009
2010-01-08,M1009
2010-01-11,M1009
2010-01-12,M1009
2010-01-13,M1009
2010-01-14,M1009
2010-01-15,M1009
2010-01-18,M1009
2010-01-19,M1009
2010-01-20,M1009
2010-01-21,M1009
2010-01-22,M1009
2010-01-25,M1009
2010-01-26,M1009
2010-01-27,M1009
2010-01-28,M1009
2010-01-29,M1009
2010-02-01,M1009
2010-02-02,M1009
2010-02-03,M1009
2010-02-04,M1009
2010-02-05,M1009
2010-02-08,M1009
2010-02-09,M1009
2010-02-10,M1009
2010-02-11,M1009
2010-02-12,M1009
2010-02-22,M1009
2010-02-23,M1009
2010-02-24,M1009
2010-02-25,M1009
2010-02-26,M1009
2010-03-01,M1009
2010-03-02,M1009
2010-03-03,M1009
2010-03-04,M1009
2010-03-05,M1009
2010-03-08,M1009
2010-03-09,M1009
2010-03-10,M1009
2010-03-11,M1009
2010-03-12,M1009
2010-03-15,M1009
2010-03-16,M1009
2010-03-17,M1009
2010-03-18,M1009
2010-03-19,M1009
2010-03-22,M1009
2010-03-23,M1009
2010-03-24,M1009
2010-03-25,M1009
2010-03-26,M1009
2010-03-29,M1009
2010-03-30,M1009
2010-03-31,M1009
2010-04-01,M1009
2010-04-02,M1009
2010-04-06,M1009
2010-04-07,M1009
2010-04-08,M1009
2010-04-09,M1009
2010-04-12,M1009
2010-04-13,M1009
2010-04-14,M1009
2010-04-15,M1009
2010-04-16,M1009
2010-04-19,M1009
2010-04-20,M1009
2010-04-21,M1009
2010-04-22,M1009
2010-04-23,M1009
2010-04-26,M1009
2010-04-27,M1009
2010-04-28,M1009
2010-04-29,M1009
2010-04-30,M1009
2010-05-04,M1009
2010-05-05,M1101
2010-05-06,M1101
2010-05-07,M1101
2010-05-10,M1101
2010-05-11,M1101
2010-05-12,M1101
2010-05-13,M1101
2010-05-14,M1101
2010-05-17,M1101
2010-05-18,M1101
2010-05-19,M1101
2010-05-20,M1101
2010-05-21,M1101
2010-05-24,M1101
2010-05-25,M1101
2010-05-26,M1101
2010-05-27,M1101
2010-05-28,M1101
2010-05-31,M1101
2010-06-01,M1101
2010-06-02,M1101
2010-06-03,M1101
2010-06-04,M1101
2010-06-07,M1101
2010-06-08,M1101
2010-06-09,M1101
2010-06-10,M1101
2010-06-11,M1101
2010-06-17,M1101
2010-06-18,M1101
2010-06-21,M1101
2010-06-22,M1101
2010-06-23,M1101
2010-06-24,M1101
2010-06-25,M1101
2010-06-28,M1101
2010-06-29,M1101
2010-06-30,M1101
2010-07-01,M1101
2010-07-02,M1101
2010-07-05,M1101
2010-07-06,M1101
2010-07-07,M1101
2010-07-08,M1101
2010-07-09,M1101
2010-07-12,M1101
2010-07-13,M1101
2010-07-14,M1101
2010-07-15,M1101
2010-07-16,M1101
2010-07-19,M1101
2010-07-20,M1105
2010-07-21,M1105
2010-07-22,M1105
2010-07-23,M1105
2010-07-26,M1105
2010-07-27,M1105
2010-07-28,M1105
2010-07-29,M1105
2010-07-30,M1105
2010-08-02,M1105
2010-08-03,M1105
2010-08-04,M1105
2010-08-05,M1105
2010-08-06,M1105
2010-08-09,M1105
2010-08-10,M1105
2010-08-11,M1105
2010-08-12,M1105
2010-08-13,M1105
2010-08-16,M1105
2010-08-17,M1105
2010-08-18,M1105
2010-08-19,M1105
2010-08-20,M1105
2010-08-23,M1105
2010-08-24,M1105
2010-08-25,M1105
2010-08-26,M1105
2010-08-27,M1105
2010-08-30,M1105
2010-08-31,M1105
2010-09-01,M1105
2010-09-02,M1105
2010-09-03,M1105
2010-09-06,M1105
2010-09-07,M1105
2010-09-08,M1105
2010-09-09,M1105
2010-09-10,M1105
2010-09-13,M1105
2010-09-14,M1105
2010-09-15,M1105
2010-09-16,M1105
2010-09-17,M1105
2010-09-20,M1105
2010-09-21,M1105
2010-09-27,M1105
2010-09-28,M1105
2010-09-29,M1105
2010-09-30,M1105
2010-10-08,M1105
2010-10-11,M1105
2010-10-12,M1105
2010-10-13,M1105
2010-10-14,M1105
2010-10-15,M1105
2010-10-18,M1105
2010-10-19,M1105
2010-10-20,M1105
2010-10-21,M1105
2010-10-22,M1105
2010-10-25,M1105
2010-10-26,M1109
2010-10-27,M1109
2010-10-28,M1109
2010-10-29,M1109
2010-11-01,M1109
2010-11-02,M1109
2010-11-03,M1109
2010-11-04,M1109
2010-11-05,M1109
2010-11-08,M1109
2010-11-09,M1109
2010-11-10,M1109
2010-11-11,M1109
2010-11-12,M1109
2010-11-15,M1109
2010-11-16,M1109
2010-11-17,M1109
2010-11-18,M1109
2010-11-19,M1109
2010-11-22,M1109
2010-11-23,M1109
2010-11-24,M1109
2010-11-25,M1109
2010-11-26,M1109
2010-11-29,M1109
2010-11-30,M1109
2010-12-01,M1109
2010-12-02,M1109
2010-12-03,M1109
2010-12-06,M1109
2010-12-07,M1109
2010-12-08,M1109
2010-12-09,M1109
2010-12-10,M1109
2010-12-13,M1109
2010-12-14,M1109
2010-12-15,M1109
2010-12-16,M1109
2010-12-17,M1109
2010-12-20,M1109
2010-12-21,M1109
2010-12-22,M1109
2010-12-23,M1109
2010-12-24,M1109
2010-12-27,M1109
2010-12-28,M1109
2010-12-29,M1109
2010-12-30,M1109
2010-12-31,M1109
2011-01-04,M1109
2011-01-05,M1109
2011-01-06,M1109
2011-01-07,M1109
2011-01-10,M1109
2011-01-11,M1109
2011-01-12,M1109
2011-01-13,M1109
2011-01-14,M1109
2011-01-17,M1109
2011-01-18,M1109
2011-01-19,M1109
2011-01-20,M1109
2011-01-21,M1109
2011-01-24,M1109
2011-01-25,M1109
2011-01-26,M1109
2011-01-27,M1109
2011-01-28,M1109
2011-01-31,M1109
2011-02-01,M1109
2011-02-09,M1109
2011-02-10,M1109
2011-02-11,M1109
2011-02-14,M1109
2011-02-15,M1109
2011-02-16,M1109
2011-02-17,M1109
2011-02-18,M1109
2011-02-21,M1109
2011-02-22,M1109
2011-02-23,M1109
2011-02-24,M1109
2011-02-25,M1109
2011-02-28,M1109
2011-03-01,M1109
2011-03-02,M1109
2011-03-03,M1109
2011-03-04,M1109
2011-03-07,M1109
2011-03-08,M1109
2011-03-09,M1109
2011-03-10,M1109
2011-03-11,M1109
2011-03-14,M1109
2011-03-15,M1201
2011-03-16,M1201
2011-03-17,M1201
2011-03-18,M1201
2011-03-21,M1201
2011-03-22,M1201
2011-03-23,M1201
2011-03-24,M1201
2011-03-25,M1201
2011-03-28,M1201
2011-03-29,M1201
2011-03-30,M1201
2011-03-31,M1201
2011-04-01,M1201
2011-04-06,M1201
2011-04-07,M1201
2011-04-08,M1201
2011-04-11,M1201
2011-04-12,M1201
2011-04-13,M1201
2011-04-14,M1201
2011-04-15,M1201
2011-04-18,M1201
2011-04-19,M1201
2011-04-20,M1201
2011-04-21,M1201
2011-04-22,M1201
2011-04-25,M1201
2011-04-26,M1201
2011-04-27,M1201
2011-04-28,M1201
2011-04-29,M1201
2011-05-03,M1201
2011-05-04,M1201
2011-05-05,M1201
2011-05-06,M1201
2011-05-09,M1201
2011-05-10,M1201
2011-05-11,M1201
2011-05-12,M1201
2011-05-13,M1201
2011-05-16,M1201
2011-05-17,M1201
2011-05-18,M1201
2011-05-19,M1201
2011-05-20,M1201
2011-05-23,M1201
2011-05-24,M1201
2011-05-25,M1201
2011-05-26,M1201
2011-05-27,M1201
2011-05-30,M1201
2011-05-31,M1201
2011-06-01,M1201
2011-06-02,M1201
2011-06-03,M1201
2011-06-07,M1201
2011-06-08,M1201
2011-06-09,M1201
2011-06-10,M1201
2011-06-13,M1201
2011-06-14,M1201
2011-06-15,M1201
2011-06-16,M1201
2011-06-17,M1201
2011-06-20,M1201
2011-06-21,M1201
2011-06-22,M1201
2011-06-23,M1201
2011-06-24,M1201
2011-06-27,M1201
2011-06-28,M1201
2011-06-29,M1201
2011-06-30,M1201
2011-07-01,M1201
2011-07-04,M1201
2011-07-05,M1201
2011-07-06,M1201
2011-07-07,M1201
2011-07-08,M1205
2011-07-11,M1205
2011-07-12,M1205
2011-07-13,M1205
2011-07-14,M1205
2011-07-15,M1205
2011-07-18,M1205
2011-07-19,M1205
2011-07-20,M1205
2011-07-21,M1205
2011-07-22,M1205
2011-07-25,M1205
2011-07-26,M1205
2011-07-27,M1205
2011-07-28,M1205
2011-07-29,M1205
2011-08-01,M1205
2011-08-02,M1205
2011-08-03,M1205
2011-08-04,M1205
2011-08-05,M1205
2011-08-08,M1205
2011-08-09,M1205
2011-08-10,M1205
2011-08-11,M1205
2011-08-12,M1205
2011-08-15,M1205
2011-08-16,M1205
2011-08-17,M1205
2011-08-18,M1205
2011-08-19,M1205
2011-08-22,M1205
2011-08-23,M1205
2011-08-24,M1205
2011-08-25,M1205
2011-08-26,M1205
2011-08-29,M1205
2011-08-30,M1205
2011-08-31,M1205
2011-09-01,M1205
2011-09-02,M1205
2011-09-05,M1205
2011-09-06,M1205
2011-09-07,M1205
2011-09-08,M1205
2011-09-09,M1205
2011-09-13,M1205
2011-09-14,M1205
2011-09-15,M1205
2011-09-16,M1205
2011-09-19,M1205
2011-09-20,M1205
2011-09-21,M1205
2011-09-22,M1205
2011-09-23,M1205
2011-09-26,M1205
2011-09-27,M1205
2011-09-28,M1205
2011-09-29,M1205
2011-09-30,M1205
2011-10-10,M1205
2011-10-11,M1205
2011-10-12,M1205
2011-10-13,M1205
2011-10-14,M1205
2011-10-17,M1205
2011-10-18,M1205
2011-10-19,M1205
2011-10-20,M1205
2011-10-21,M1205
2011-10-24,M1205
2011-10-25,M1205
2011-10-26,M1205
2011-10-27,M1205
2011-10-28,M1205
2011-10-31,M1205
2011-11-01,M1205
2011-11-02,M1205
2011-11-03,M1205
2011-11-04,M1205
2011-11-07,M1205
2011-11-08,M1205
2011-11-09,M1205
2011-11-10,M1205
2011-11-11,M1205
2011-11-14,M1205
2011-11-15,M1205
2011-11-16,M1205
2011-11-17,M1205
2011-11-18,M1205
2011-11-21,M1205
2011-11-22,M1205
2011-11-23,M1205
2011-11-24,M1205
2011-11-25,M1205
2011-11-28,M1205
2011-11-29,M1205
2011-11-30,M1205
2011-12-01,M1205
2011-12-02,M1205
2011-12-05,M1205
2011-12-06,M1205
2011-12-07,M1205
2011-12-08,M1205
2011-12-09,M1205
2011-12-12,M1205
2011-12-13,M1205
2011-12-14,M1205
2011-12-15,M1205
2011-12-16,M1205
2011-12-19,M1205
2011-12-20,M1205
2011-12-21,M1205
2011-12-22,M1209
2011-12-23,M1209
2011-12-26,M1209
2011-12-27,M1209
2011-12-28,M1209
2011-12-29,M1209
2011-12-30,M1209
2012-01-04,M1209
2012-01-05,M1209
2012-01-06,M1209
2012-01-09,M1209
2012-01-10,M1209
2012-01-11,M1209
2012-01-12,M1209
2012-01-13,M1209
2012-01-16,M1209
2012-01-17,M1209
2012-01-18,M1209
2012-01-19,M1209
2012-01-20,M1209
2012-01-30,M1209
2012-01-31,M1209
2012-02-01,M1209
2012-02-02,M1209
2012-02-03,M1209
2012-02-06,M1209
2012-02-07,M1209
2012-02-08,M1209
2012-02-09,M1209
2012-02-10,M1209
2012-02-13,M1209
2012-02-14,M1209
2012-02-15,M1209
2012-02-16,M1209
2012-02-17,M1209
2012-02-20,M1209
2012-02-21,M1209
2012-02-22,M1209
2012-02-23,M1209
2012-02-24,M1209
2012-02-27,M1209
2012-02-28,M1209
2012-02-29,M1209
2012-03-01,M1209
2012-03-02,M1209
2012-03-05,M1209
2012-03-06,M1209
2012-03-07,M1209
2012-03-08,M1209
2012-03-09,M1209
2012-03-12,M1209
2012-03-13,M1209
2012-03-14,M1209
2012-03-15,M1209
2012-03-16,M1209
2012-03-19,M1209
2012-03-20,M1209
2012-03-21,M1209
2012-03-22,M1209
2012-03-23,M1209
2012-03-26,M1209
2012-03-27,M1209
2012-03-28,M1209
2012-03-29,M1209
2012-03-30,M1209
2012-04-05,M1209
2012-04-06,M1209
2012-04-09,M1209
2012-04-10,M1209
2012-04-11,M1209
2012-04-12,M1209
2012-04-13,M1209
2012-04-16,M1209
2012-04-17,M1209
2012-04-18,M1209
2012-04-19,M1209
2012-04-20,M1209
2012-04-23,M1209
2012-04-24,M1209
2012-04-25,M1209
2012-04-26,M1209
2012-04-27,M1209
2012-05-02,M1209
2012-05-03,M1209
2012-05-04,M1209
2012-05-07,M1209
2012-05-08,M1209
2012-05-09,M1209
2012-05-10,M1209
2012-05-11,M1209
2012-05-14,M1209
2012-05-15,M1209
2012-05-16,M1209
2012-05-17,M1301
2012-05-18,M1301
2012-05-21,M1301
2012-05-22,M1301
2012-05-23,M1301
2012-05-24,M1301
2012-05-25,M1301
2012-05-28,M1301
2012-05-29,M1301
2012-05-30,M1301
2012-05-31,M1301
2012-06-01,M1301
2012-06-04,M1301
2012-06-05,M1301
2012-06-06,M1301
2012-06-07,M1301
2012-06-08,M1301
2012-06-11,M1301
2012-06-12,M1301
2012-06-13,M1301
2012-06-14,M1301
2012-06-15,M1301
2012-06-18,M1301
2012-06-19,M1301
2012-06-20,M1301
2012-06-21,M1301
2012-06-25,M1301
2012-06-26,M1301
2012-06-27,M1301
2012-06-28,M1301
2012-06-29,M1301
2012-07-02,M1301
2012-07-03,M1301
2012-07-04,M1301
2012-07-05,M1301
2012-07-06,M1301
2012-07-09,M1301
2012-07-10,M1301
2012-07-11,M1301
2012-07-12,M1301
2012-07-13,M1301
2012-07-16,M1301
2012-07-17,M1301
2012-07-18,M1301
2012-07-19,M1301
2012-07-20,M1301
2012-07-23,M1301
2012-07-24,M1301
2012-07-25,M1301
2012-07-26,M1301
2012-07-27,M1301
2012-07-30,M1301
2012-07-31,M1301
2012-08-01,M1301
2012-08-02,M1301
2012-08-03,M1301
2012-08-06,M1301
2012-08-07,M1301
2012-08-08,M1301
2012-08-09,M1301
2012-08-10,M1301
2012-08-13,M1301
2012-08-14,M1301
2012-08-15,M1301
2012-08-16,M1301
2012-08-17,M1301
2012-08-20,M1301
2012-08-21,M1301
2012-08-22,M1301
2012-08-23,M1301
2012-08-24,M1301
2012-08-27,M1301
2012-08-28,M1301
2012-08-29,M1301
2012-08-30,M1301
2012-08-31,M1301
2012-09-03,M1301
2012-09-04,M1301
2012-09-05,M1301
2012-09-06,M1301
2012-09-07,M1301
2012-09-10,M1301
2012-09-11,M1301
2012-09-12,M1301
2012-09-13,M1301
2012-09-14,M1301
2012-09-17,M1301
2012-09-18,M1301
2012-09-19,M1301
2012-09-20,M1301
2012-09-21,M1301
2012-09-24,M1301
2012-09-25,M1301
2012-09-26,M1301
2012-09-27,M1301
2012-09-28,M1301
2012-10-08,M1301
2012-10-09,M1301
2012-10-10,M1301
2012-10-11,M1301
2012-10-12,M1301
2012-10-15,M1301
2012-10-16,M1301
2012-10-17,M1301
2012-10-18,M1301
2012-10-19,M1301
2012-10-22,M1301
2012-10-23,M1301
2012-10-24,M1301
2012-10-25,M1301
2012-10-26,M1301
2012-10-29,M1301
2012-10-30,M1301
2012-10-31,M1301
2012-11-01,M1301
2012-11-02,M1301
2012-11-05,M1301
2012-11-06,M1301
2012-11-07,M1301
2012-11-08,M1301
2012-11-09,M1301
2012-11-12,M1301
2012-11-13,M1301
2012-11-14,M1301
2012-11-15,M1301
2012-11-16,M1305
2012-11-19,M1305
2012-11-20,M1305
2012-11-21,M1305
2012-11-22,M1305
2012-11-23,M1305
2012-11-26,M1305
2012-11-27,M1305
2012-11-28,M1305
2012-11-29,M1305
2012-11-30,M1305
2012-12-03,M1305
2012-12-04,M1305
2012-12-05,M1305
2012-12-06,M1305
2012-12-07,M1305
2012-12-10,M1305
2012-12-11,M1305
2012-12-12,M1305
2012-12-13,M1305
2012-12-14,M1305
2012-12-17,M1305
2012-12-18,M1305
2012-12-19,M1305
2012-12-20,M1305
2012-12-21,M1305
2012-12-24,M1305
2012-12-25,M1305
2012-12-26,M1305
2012-12-27,M1305
2012-12-28,M1305
2012-12-31,M1305
2013-01-04,M1305
2013-01-07,M1305
2013-01-08,M1305
2013-01-09,M1305
2013-01-10,M1305
2013-01-11,M1305
2013-01-14,M1305
2013-01-15,M1305
2013-01-16,M1305
2013-01-17,M1305
2013-01-18,M1305
2013-01-21,M1305
2013-01-22,M1305
2013-01-23,M1305
2013-01-24,M1305
2013-01-25,M1305
2013-01-28,M1305
2013-01-29,M1305
2013-01-30,M1305
2013-01-31,M1305
2013-02-01,M1305
2013-02-04,M1305
2013-02-05,M1305
2013-02-06,M1305
2013-02-07,M1305
2013-02-08,M1305
2013-02-18,M1305
2013-02-19,M1309
2013-02-20,M1309
2013-02-21,M1309
2013-02-22,M1309
2013-02-25,M1309
2013-02-26,M1309
2013-02-27,M1309
2013-02-28,M1309
2013-03-01,M1309
2013-03-04,M1309
2013-03-05,M1309
2013-03-06,M1309
2013-03-07,M1309
2013-03-08,M1309
2013-03-11,M1309
2013-03-12,M1309
2013-03-13,M1309
2013-03-14,M1309
2013-03-15,M1309
2013-03-18,M1309
2013-03-19,M1309
2013-03-20,M1309
2013-03-21,M1309
2013-03-22,M1309
2013-03-25,M1309
2013-03-26,M1309
2013-03-27,M1309
2013-03-28,M1309
2013-03-29,M1309
2013-04-01,M1309
2013-04-02,M1309
2013-04-03,M1309
2013-04-08,M1309
2013-04-09,M1309
2013-04-10,M1309
2013-04-11,M1309
2013-04-12,M1309
2013-04-15,M1309
2013-04-16,M1309
2013-04-17,M1309
2013-04-18,M1309
2013-04-19,M1309
2013-04-22,M1309
2013-04-23,M1309
2013-04-24,M1309
2013-04-25,M1309
2013-04-26,M1309
2013-05-02,M1309
2013-05-03,M1309
2013-05-06,M1309
2013-05-07,M1309
2013-05-08,M1309
2013-05-09,M1309
2013-05-10,M1309
2013-05-13,M1309
2013-05-14,M1309
2013-05-15,M1309
2013-05-16,M1309
2013-05-17,M1309
2013-05-20,M1309
2013-05-21,M1309
2013-05-22,M1309
2013-05-23,M1309
2013-05-24,M1309
2013-05-27,M1309
2013-05-28,M1309
2013-05-29,M1309
2013-05-30,M1309
2013-05-31,M1309
2013-06-03,M1309
2013-06-04,M1401
2013-06-05,M1401
2013-06-06,M1401
2013-06-07,M1401
2013-06-13,M1401
2013-06-14,M1401
2013-06-17,M1401
2013-06-18,M1401
2013-06-19,M1401
2013-06-20,M1401
2013-06-21,M1401
2013-06-24,M1401
2013-06-25,M1401
2013-06-26,M1401
2013-06-27,M1401
2013-06-28,M1401
2013-07-01,M1401
2013-07-02,M1401
2013-07-03,M1401
2013-07-04,M1401
2013-07-05,M1401
2013-07-08,M1401
2013-07-09,M1401
2013-07-10,M1401
2013-07-11,M1401
2013-07-12,M1401
2013-07-15,M1401
2013-07-16,M1401
2013-07-17,M1401
2013-07-18,M1401
2013-07-19,M1401
2013-07-22,M1401
2013-07-23,M1401
2013-07-24,M1401
2013-07-25,M1401
2013-07-26,M1401
2013-07-29,M1401
2013-07-30,M1401
2013-07-31,M1401
2013-08-01,M1401
2013-08-02,M1401
2013-08-05,M1401
2013-08-06,M1401
2013-08-07,M1401
2013-08-08,M1401
2013-08-09,M1401
2013-08-12,M1401
2013-08-13,M1401
2013-08-14,M1401
2013-08-15,M1401
2013-08-16,M1401
2013-08-19,M1401
2013-08-20,M1401
2013-08-21,M1401
2013-08-22,M1401
2013-08-23,M1401
2013-08-26,M1401
2013-08-27,M1401
2013-08-28,M1401
2013-08-29,M1401
2013-08-30,M1401
2013-09-02,M1401
2013-09-03,M1401
2013-09-04,M1401
2013-09-05,M1401
2013-09-06,M1401
2013-09-09,M1401
2013-09-10,M1401
2013-09-11,M1401
2013-09-12,M1401
2013-09-13,M1401
2013-09-16,M1401
2013-09-17,M1401
2013-09-18,M1401
2013-09-23,M1401
2013-09-24,M1401
2013-09-25,M1401
2013-09-26,M1401
2013-09-27,M1401
2013-09-30,M1401
2013-10-08,M1401
2013-10-09,M1401
2013-10-10,M1401
2013-10-11,M1401
2013-10-14,M1401
2013-10-15,M1401
2013-10-16,M1401
2013-10-17,M1401
2013-10-18,M1401
2013-10-21,M1401
2013-10-22,M1401
2013-10-23,M1401
2013-10-24,M1401
2013-10-25,M1401
2013-10-28,M1401
2013-10-29,M1401
2013-10-30,M1401
2013-10-31,M1401
2013-11-01,M1401
2013-11-04,M1405
2013-11-05,M1405
2013-11-06,M1405
2013-11-07,M1405
2013-11-08,M1405
2013-11-11,M1405
2013-11-12,M1405
2013-11-13,M1405
2013-11-14,M1405
2013-11-15,M1405
2013-11-18,M1405
2013-11-19,M1405
2013-11-20,M1405
2013-11-21,M1405
2013-11-22,M1405
2013-11-25,M1405
2013-11-26,M1405
2013-11-27,M1405
2013-11-28,M1405
2013-11-29,M1405
2013-12-02,M1405
2013-12-03,M1405
2013-12-04,M1405
2013-12-05,M1405
2013-12-06,M1405
2013-12-09,M1405
2013-12-10,M1405
2013-12-11,M1405
2013-12-12,M1405
2013-12-13,M1405
2013-12-16,M1405
2013-12-17,M1405
2013-12-18,M1405
2013-12-19,M1405
2013-12-20,M1405
2013-12-23,M1405
2013-12-24,M1405
2013-12-25,M1405
2013-12-26,M1405
2013-12-27,M1405
2013-12-30,M1405
2013-12-31,M1405
2014-01-02,M1405
2014-01-03,M1405
2014-01-06,M1405
2014-01-07,M1405
2014-01-08,M1405
2014-01-09,M1405
2014-01-10,M1405
2014-01-13,M1405
2014-01-14,M1405
2014-01-15,M1405
2014-01-16,M1405
2014-01-17,M1405
2014-01-20,M1405
2014-01-21,M1405
2014-01-22,M1405
2014-01-23,M1405
2014-01-24,M1405
2014-01-27,M1405
2014-01-28,M1405
2014-01-29,M1405
2014-01-30,M1405
2014-02-07,M1405
2014-02-10,M1405
2014-02-11,M1405
2014-02-12,M1405
2014-02-13,M1405
2014-02-14,M1405
2014-02-17,M1405
2014-02-18,M1405
2014-02-19,M1405
2014-02-20,M1405
2014-02-21,M1405
2014-02-24,M1405
2014-02-25,M1405
2014-02-26,M1405
2014-02-27,M1405
2014-02-28,M1405
2014-03-03,M1405
2014-03-04,M1409
2014-03-05,M1409
2014-03-06,M1409
2014-03-07,M1409
2014-03-10,M1409
2014-03-11,M1409
2014-03-12,M1409
2014-03-13,M1409
2014-03-14,M1409
2014-03-17,M1409
2014-03-18,M1409
2014-03-19,M1409
2014-03-20,M1409
2014-03-21,M1409
2014-03-24,M1409
2014-03-25,M1409
2014-03-26,M1409
2014-03-27,M1409
2014-03-28,M1409
2014-03-31,M1409
2014-04-01,M1409
2014-04-02,M1409
2014-04-03,M1409
2014-04-04,M1409
2014-04-08,M1409
2014-04-09,M1409
2014-04-10,M1409
2014-04-11,M1409
2014-04-14,M1409
2014-04-15,M1409
2014-04-16,M1409
2014-04-17,M1409
2014-04-18,M1409
2014-04-21,M1409
2014-04-22,M1409
2014-04-23,M1409
2014-04-24,M1409
2014-04-25,M1409
2014-04-28,M1409
2014-04-29,M1409
2014-04-30,M1409
2014-05-05,M1409
2014-05-06,M1409
2014-05-07,M1409
2014-05-08,M1409
2014-05-09,M1409
2014-05-12,M1409
2014-05-13,M1409
2014-05-14,M1409
2014-05-15,M1409
2014-05-16,M1409
2014-05-19,M1409
2014-05-20,M1409
2014-05-21,M1409
2014-05-22,M1409
2014-05-23,M1409
2014-05-26,M1409
2014-05-27,M1409
2014-05-28,M1409
2014-05-29,M1409
2014-05-30,M1409
2014-06-03,M1409
2014-06-04,M1409
2014-06-05,M1409
2014-06-06,M1409
2014-06-09,M1409
2014-06-10,M1409
2014-06-11,M1409
2014-06-12,M1409
2014-06-13,M1409
2014-06-16,M1409
2014-06-17,M1409
2014-06-18,M1409
2014-06-19,M1409
2014-06-20,M1409
2014-06-23,M1409
2014-06-24,M1409
2014-06-25,M1409
2014-06-26,M1409
2014-06-27,M1409
2014-06-30,M1409
2014-07-01,M1409
2014-07-02,M1409
2014-07-03,M1501
2014-07-04,M1501
2014-07-07,M1501
2014-07-08,M1501
2014-07-09,M1501
2014-07-10,M1501
2014-07-11,M1501
2014-07-14,M1501
2014-07-15,M1501
2014-07-16,M1501
2014-07-17,M1501
2014-07-18,M1501
2014-07-21,M1501
2014-07-22,M1501
2014-07-23,M1501
2014-07-24,M1501
2014-07-25,M1501
2014-07-28,M1501
2014-07-29,M1501
2014-07-30,M1501
2014-07-31,M1501
2014-08-01,M1501
2014-08-04,M1501
2014-08-05,M1501
2014-08-06,M1501
2014-08-07,M1501
2014-08-08,M1501
2014-08-11,M1501
2014-08-12,M1501
2014-08-13,M1501
2014-08-14,M1501
2014-08-15,M1501
2014-08-18,M1501
2014-08-19,M1501
2014-08-20,M1501
2014-08-21,M1501
2014-08-22,M1501
2014-08-25,M1501
2014-08-26,M1501
2014-08-27,M1501
2014-08-28,M1501
2014-08-29,M1501
2014-09-01,M1501
2014-09-02,M1505
2014-09-03,M1505
2014-09-04,M1505
2014-09-05,M1505
2014-09-09,M1505
2014-09-10,M1505
2014-09-11,M1505
2014-09-12,M1505
2014-09-15,M1505
2014-09-16,M1505
2014-09-17,M1505
2014-09-18,M1505
2014-09-19,M1505
2014-09-22,M1505
2014-09-23,M1505
2014-09-24,M1505
2014-09-25,M1505
2014-09-26,M1505
2014-09-29,M1505
2014-09-30,M1505
2014-10-08,M1505
2014-10-09,M1505
2014-10-10,M1505
2014-10-13,M1505
2014-10-14,M1505
2014-10-15,M1505
2014-10-16,M1505
2014-10-17,M1505
2014-10-20,M1505
2014-10-21,M1505
2014-10-22,M1505
2014-10-23,M1505
2014-10-24,M1505
2014-10-27,M1505
2014-10-28,M1505
2014-10-29,M1505
2014-10-30,M1505
2014-10-31,M1505
2014-11-03,M1505
2014-11-04,M1505
2014-11-05,M1505
2014-11-06,M1505
2014-11-07,M1505
2014-11-10,M1505
2014-11-11,M1505
2014-11-12,M1505
2014-11-13,M1505
2014-11-14,M1505
2014-11-17,M1505
2014-11-18,M1505
2014-11-19,M1505
2014-11-20,M1505
2014-11-21,M1505
2014-11-24,M1505
2014-11-25,M1505
2014-11-26,M1505
2014-11-27,M1505
2014-11-28,M1505
2014-12-01,M1505
2014-12-02,M1505
2014-12-03,M1505
2014-12-04,M1505
2014-12-05,M1505
2014-12-08,M1505
2014-12-09,M1505
2014-12-10,M1505
2014-12-11,M1505
2014-12-12,M1505
2014-12-15,M1505
2014-12-16,M1505
2014-12-17,M1505
2014-12-18,M1505
2014-12-19,M1505
2014-12-22,M1505
2014-12-23,M1505
2014-12-24,M1505
2014-12-25,M1505
2014-12-26,M1505
2014-12-29,M1505
2014-12-30,M1505
2014-12-31,M1505
2015-01-05,M1505
2015-01-06,M1505
2015-01-07,M1505
2015-01-08,M1505
2015-01-09,M1505
2015-01-12,M1505
2015-01-13,M1505
2015-01-14,M1505
2015-01-15,M1505
2015-01-16,M1505
2015-01-19,M1505
2015-01-20,M1505
2015-01-21,M1505
2015-01-22,M1505
2015-01-23,M1505
2015-01-26,M1505
2015-01-27,M1505
2015-01-28,M1505
2015-01-29,M1505
2015-01-30,M1505
2015-02-02,M1505
2015-02-03,M1505
2015-02-04,M1505
2015-02-05,M1505
2015-02-06,M1505
2015-02-09,M1505
2015-02-10,M1505
2015-02-11,M1505
2015-02-12,M1505
2015-02-13,M1505
2015-02-16,M1505
2015-02-17,M1505
2015-02-25,M1505
2015-02-26,M1505
2015-02-27,M1505
2015-03-02,M1509
2015-03-03,M1509
2015-03-04,M1509
2015-03-05,M1509
2015-03-06,M1509
2015-03-09,M1509
2015-03-10,M1509
2015-03-11,M1509
2015-03-12,M1509
2015-03-13,M1509
2015-03-16,M1509
2015-03-17,M1509
2015-03-18,M1509
2015-03-19,M1509
2015-03-20,M1509
2015-03-23,M1509
2015-03-24,M1509
2015-03-25,M1509
2015-03-26,M1509
2015-03-27,M1509
2015-03-30,M1509
2015-03-31,M1509
2015-04-01,M1509
2015-04-02,M1509
2015-04-03,M1509
2015-04-07,M1509
2015-04-08,M1509
2015-04-09,M1509
2015-04-10,M1509
2015-04-13,M1509
2015-04-14,M1509
2015-04-15,M1509
2015-04-16,M1509
2015-04-17,M1509
2015-04-20,M1509
2015-04-21,M1509
2015-04-22,M1509
2015-04-23,M1509
2015-04-24,M1509
2015-04-27,M1509
2015-04-28,M1509
2015-04-29,M1509
2015-04-30,M1509
2015-05-04,M1509
2015-05-05,M1509
2015-05-06,M1509
2015-05-07,M1509
2015-05-08,M1509
2015-05-11,M1509
2015-05-12,M1509
2015-05-13,M1509
2015-05-14,M1509
2015-05-15,M1509
2015-05-18,M1509
2015-05-19,M1509
2015-05-20,M1509
2015-05-21,M1509
2015-05-22,M1509
2015-05-25,M1509
2015-05-26,M1509
2015-05-27,M1509
2015-05-28,M1509
2015-05-29,M1509
2015-06-01,M1509
2015-06-02,M1509
2015-06-03,M1509
2015-06-04,M1509
2015-06-05,M1509
2015-06-08,M1509
2015-06-09,M1509
2015-06-10,M1509
2015-06-11,M1509
2015-06-12,M1509
2015-06-15,M1509
2015-06-16,M1509
2015-06-17,M1509
2015-06-18,M1509
2015-06-19,M1509
2015-06-23,M1509
2015-06-24,M1509
2015-06-25,M1509
2015-06-26,M1509
2015-06-29,M1509
2015-06-30,M1509
2015-07-01,M1509
2015-07-02,M1509
2015-07-03,M1509
2015-07-06,M1509
2015-07-07,M1509
2015-07-08,M1509
2015-07-09,M1509
2015-07-10,M1509
2015-07-13,M1509
2015-07-14,M1509
2015-07-15,M1509
2015-07-16,M1509
2015-07-17,M1509
2015-07-20,M1509
2015-07-21,M1509
2015-07-22,M1509
2015-07-23,M1509
2015-07-24,M1601
2015-07-27,M1601
2015-07-28,M1601
2015-07-29,M1601
2015-07-30,M1601
2015-07-31,M1601
2015-08-03,M1601
2015-08-04,M1601
2015-08-05,M1601
2015-08-06,M1601
2015-08-07,M1601
2015-08-10,M1601
2015-08-11,M1601
2015-08-12,M1601
2015-08-13,M1601
2015-08-14,M1601
2015-08-17,M1601
2015-08-18,M1601
2015-08-19,M1601
2015-08-20,M1601
2015-08-21,M1601
2015-08-24,M1601
2015-08-25,M1601
2015-08-26,M1601
2015-08-27,M1601
2015-08-28,M1601
2015-08-31,M1601
2015-09-01,M1601
2015-09-02,M1601
2015-09-07,M1601
2015-09-08,M1601
2015-09-09,M1601
2015-09-10,M1601
2015-09-11,M1601
2015-09-14,M1601
2015-09-15,M1601
2015-09-16,M1601
2015-09-17,M1601
2015-09-18,M1601
2015-09-21,M1601
2015-09-22,M1601
2015-09-23,M1601
2015-09-24,M1601
2015-09-25,M1601
2015-09-28,M1601
2015-09-29,M1601
2015-09-30,M1601
2015-10-08,M1601
2015-10-09,M1601
2015-10-12,M1601
2015-10-13,M1601
2015-10-14,M1601
2015-10-15,M1601
2015-10-16,M1601
2015-10-19,M1601
2015-10-20,M1601
2015-10-21,M1601
2015-10-22,M1601
2015-10-23,M1601
2015-10-26,M1601
2015-10-27,M1601
2015-10-28,M1601
2015-10-29,M1601
2015-10-30,M1601
2015-11-02,M1601
2015-11-03,M1601
2015-11-04,M1601
2015-11-05,M1601
2015-11-06,M1601
2015-11-09,M1601
2015-11-10,M1601
2015-11-11,M1601
2015-11-12,M1601
2015-11-13,M1601
2015-11-16,M1601
2015-11-17,M1601
2015-11-18,M1601
2015-11-19,M1601
2015-11-20,M1601
2015-11-23,M1601
2015-11-24,M1605
2015-11-25,M1605
2015-11-26,M1605
2015-11-27,M1605
2015-11-30,M1605
2015-12-01,M1605
2015-12-02,M1605
2015-12-03,M1605
2015-12-04,M1605
2015-12-07,M1605
2015-12-08,M1605
2015-12-09,M1605
2015-12-10,M1605
2015-12-11,M1605
2015-12-14,M1605
2015-12-15,M1605
2015-12-16,M1605
2015-12-17,M1605
2015-12-18,M1605
2015-12-21,M1605
2015-12-22,M1605
2015-12-23,M1605
2015-12-24,M1605
2015-12-25,M1605
2015-12-28,M1605
2015-12-29,M1605
2015-12-30,M1605
2015-12-31,M1605
2016-01-04,M1605
2016-01-05,M1605
2016-01-06,M1605
2016-01-07,M1605
2016-01-08,M1605
2016-01-11,M1605
2016-01-12,M1605
2016-01-13,M1605
2016-01-14,M1605
2016-01-15,M1605
2016-01-18,M1605
2016-01-19,M1605
2016-01-20,M1605
2016-01-21,M1605
2016-01-22,M1605
2016-01-25,M1605
2016-01-26,M1605
2016-01-27,M1605
2016-01-28,M1605
2016-01-29,M1605
2016-02-01,M1605
2016-02-02,M1605
2016-02-03,M1605
2016-02-04,M1605
2016-02-05,M1605
2016-02-15,M1605
2016-02-16,M1605
2016-02-17,M1605
2016-02-18,M1605
2016-02-19,M1605
2016-02-22,M1605
2016-02-23,M1605
2016-02-24,M1605
2016-02-25,M1605
2016-02-26,M1605
2016-02-29,M1605
2016-03-01,M1605
2016-03-02,M1605
2016-03-03,M1605
2016-03-04,M1609
2016-03-07,M1609
2016-03-08,M1609
2016-03-09,M1609
2016-03-10,M1609
2016-03-11,M1609
2016-03-14,M1609
2016-03-15,M1609
2016-03-16,M1609
2016-03-17,M1609
2016-03-18,M1609
2016-03-21,M1609
2016-03-22,M1609
2016-03-23,M1609
2016-03-24,M1609
2016-03-25,M1609
2016-03-28,M1609
2016-03-29,M1609
2016-03-30,M1609
2016-03-31,M1609
2016-04-01,M1609
2016-04-05,M1609
2016-04-06,M1609
2016-04-07,M1609
2016-04-08,M1609
2016-04-11,M1609
2016-04-12,M1609
2016-04-13,M1609
2016-04-14,M1609
2016-04-15,M1609
2016-04-18,M1609
2016-04-19,M1609
2016-04-20,M1609
2016-04-21,M1609
2016-04-22,M1609
2016-04-25,M1609
2016-04-26,M1609
2016-04-27,M1609
2016-04-28,M1609
2016-04-29,M1609
2016-05-03,M1609
2016-05-04,M1609
2016-05-05,M1609
2016-05-06,M1609
2016-05-09,M1609
2016-05-10,M1609
2016-05-11,M1609
2016-05-12,M1609
2016-05-13,M1609
2016-05-16,M1609
2016-05-17,M1609
2016-05-18,M1609
2016-05-19,M1609
2016-05-20,M1609
2016-05-23,M1609
2016-05-24,M1609
2016-05-25,M1609
2016-05-26,M1609
2016-05-27,M1609
2016-05-30,M1609
2016-05-31,M1609
2016-06-01,M1609
2016-06-02,M1609
2016-06-03,M1609
2016-06-06,M1609
2016-06-07,M1609
2016-06-08,M1609
2016-06-13,M1609
2016-06-14,M1609
2016-06-15,M1609
2016-06-16,M1609
2016-06-17,M1609
2016-06-20,M1609
2016-06-21,M1609
2016-06-22,M1609
2016-06-23,M1609
2016-06-24,M1609
2016-06-27,M1609
2016-06-28,M1609
2016-06-29,M1609
2016-06-30,M1609
2016-07-01,M1609
2016-07-04,M1609
2016-07-05,M1609
2016-07-06,M1609
2016-07-07,M1609
2016-07-08,M1609
2016-07-11,M1609
2016-07-12,M1609
2016-07-13,M1609
2016-07-14,M1609
2016-07-15,M1609
2016-07-18,M1609
2016-07-19,M1609
2016-07-20,M1609
2016-07-21,M1609
2016-07-22,M1701
2016-07-25,M1701
2016-07-26,M1701
2016-07-27,M1701
2016-07-28,M1701
2016-07-29,M1701
2016-08-01,M1701
2016-08-02,M1701
2016-08-03,M1701
2016-08-04,M1701
2016-08-05,M1701
2016-08-08,M1701
2016-08-09,M1701
2016-08-10,M1701
2016-08-11,M1701
2016-08-12,M1701
2016-08-15,M1701
2016-08-16,M1701
2016-08-17,M1701
2016-08-18,M1701
2016-08-19,M1701
2016-08-22,M1701
2016-08-23,M1701
2016-08-24,M1701
2016-08-25,M1701
2016-08-26,M1701
2016-08-29,M1701
2016-08-30,M1701
2016-08-31,M1701
2016-09-01,M1701
2016-09-02,M1701
2016-09-05,M1701
2016-09-06,M1701
2016-09-07,M1701
2016-09-08,M1701
2016-09-09,M1701
2016-09-12,M1701
2016-09-13,M1701
2016-09-14,M1701
2016-09-19,M1701
2016-09-20,M1701
2016-09-21,M1701
2016-09-22,M1701
2016-09-23,M1701
2016-09-26,M1701
2016-09-27,M1701
2016-09-28,M1701
2016-09-29,M1701
2016-09-30,M1701
2016-10-10,M1701
2016-10-11,M1701
2016-10-12,M1701
2016-10-13,M1701
2016-10-14,M1701
2016-10-17,M1701
2016-10-18,M1701
2016-10-19,M1701
2016-10-20,M1701
2016-10-21,M1701
2016-10-24,M1701
2016-10-25,M1701
2016-10-26,M1701
2016-10-27,M1701
2016-10-28,M1701
2016-10-31,M1701
2016-11-01,M1701
2016-11-02,M1701
2016-11-03,M1701
2016-11-04,M1701
2016-11-07,M1701
2016-11-08,M1701
2016-11-09,M1701
2016-11-10,M1701
2016-11-11,M1701
2016-11-14,M1701
2016-11-15,M1705
2016-11-16,M1705
2016-11-17,M1705
2016-11-18,M1705
2016-11-21,M1705
2016-11-22,M1705
2016-11-23,M1705
2016-11-24,M1705
2016-11-25,M1705
2016-11-28,M1705
2016-11-29,M1705
2016-11-30,M1705
2016-12-01,M1705
2016-12-02,M1705
2016-12-05,M1705
2016-12-06,M1705
2016-12-07,M1705
2016-12-08,M1705
2016-12-09,M1705
2016-12-12,M1705
2016-12-13,M1705
2016-12-14,M1705
2016-12-15,M1705
2016-12-16,M1705
2016-12-19,M1705
2016-12-20,M1705
2016-12-21,M1705
2016-12-22,M1705
2016-12-23,M1705
2016-12-26,M1705
2016-12-27,M1705
2016-12-28,M1705
2016-12-29,M1705
2016-12-30,M1705
2017-01-03,M1705
2017-01-04,M1705
2017-01-05,M1705
2017-01-06,M1705
2017-01-09,M1705
2017-01-10,M1705
2017-01-11,M1705
2017-01-12,M1705
2017-01-13,M1705
2017-01-16,M1705
2017-01-17,M1705
2017-01-18,M1705
2017-01-19,M1705
2017-01-20,M1705
2017-01-23,M1705
2017-01-24,M1705
2017-01-25,M1705
2017-01-26,M1705
2017-02-03,M1705
2017-02-06,M1705
2017-02-07,M1705
2017-02-08,M1705
2017-02-09,M1705
2017-02-10,M1705
2017-02-13,M1705
2017-02-14,M1705
2017-02-15,M1705
2017-02-16,M1705
2017-02-17,M1705
2017-02-20,M1705
2017-02-21,M1705
2017-02-22,M1705
2017-02-23,M1705
2017-02-24,M1705
2017-02-27,M1705
2017-02-28,M1705
2017-03-01,M1705
2017-03-02,M1705
2017-03-03,M1705
2017-03-06,M1705
2017-03-07,M1705
2017-03-08,M1705
2017-03-09,M1705
2017-03-10,M1705
2017-03-13,M1705
2017-03-14,M1705
2017-03-15,M1705
2017-03-16,M1705
2017-03-17,M1705
2017-03-20,M1709
2017-03-21,M1709
2017-03-22,M1709
2017-03-23,M1709
2017-03-24,M1709
2017-03-27,M1709
2017-03-28,M1709
2017-03-29,M1709
2017-03-30,M1709
2017-03-31,M1709
2017-04-05,M1709
2017-04-06,M1709
2017-04-07,M1709
2017-04-10,M1709
2017-04-11,M1709
2017-04-12,M1709
2017-04-13,M1709
2017-04-14,M1709
2017-04-17,M1709
2017-04-18,M1709
2017-04-19,M1709
2017-04-20,M1709
2017-04-21,M1709
2017-04-24,M1709
2017-04-25,M1709
2017-04-26,M1709
2017-04-27,M1709
2017-04-28,M1709
2017-05-02,M1709
2017-05-03,M1709
2017-05-04,M1709
2017-05-05,M1709
2017-05-08,M1709
2017-05-09,M1709
2017-05-10,M1709
2017-05-11,M1709
2017-05-12,M1709
2017-05-15,M1709
2017-05-16,M1709
2017-05-17,M1709
2017-05-18,M1709
2017-05-19,M1709
2017-05-22,M1709
2017-05-23,M1709
2017-05-24,M1709
2017-05-25,M1709
2017-05-26,M1709
2017-05-31,M1709
2017-06-01,M1709
2017-06-02,M1709
2017-06-05,M1709
2017-06-06,M1709
2017-06-07,M1709
2017-06-08,M1709
2017-06-09,M1709
2017-06-12,M1709
2017-06-13,M1709
2017-06-14,M1709
2017-06-15,M1709
2017-06-16,M1709
2017-06-19,M1709
2017-06-20,M1709
2017-06-21,M1709
2017-06-22,M1709
2017-06-23,M1709
2017-06-26,M1709
2017-06-27,M1709
2017-06-28,M1709
2017-06-29,M1709
2017-06-30,M1709
2017-07-03,M1709
2017-07-04,M1709
2017-07-05,M1709
2017-07-06,M1709
2017-07-07,M1709
2017-07-10,M1709
2017-07-11,M1709
2017-07-12,M1709
2017-07-13,M1709
2017-07-14,M1709
2017-07-17,M1709
2017-07-18,M1709
2017-07-19,M1709
2017-07-20,M1709
2017-07-21,M1709
2017-07-24,M1709
2017-07-25,M1709
2017-07-26,M1709
2017-07-27,M1801
2017-07-28,M1801
2017-07-31,M1801
2017-08-01,M1801
2017-08-02,M1801
2017-08-03,M1801
2017-08-04,M1801
2017-08-07,M1801
2017-08-08,M1801
2017-08-09,M1801
2017-08-10,M1801
2017-08-11,M1801
2017-08-14,M1801
2017-08-15,M1801
2017-08-16,M1801
2017-08-17,M1801
2017-08-18,M1801
2017-08-21,M1801
2017-08-22,M1801
2017-08-23,M1801
2017-08-24,M1801
2017-08-25,M1801
2017-08-28,M1801
2017-08-29,M1801
2017-08-30,M1801
2017-08-31,M1801
2017-09-01,M1801
2017-09-04,M1801
2017-09-05,M1801
2017-09-06,M1801
2017-09-07,M1801
2017-09-08,M1801
2017-09-11,M1801
2017-09-12,M1801
2017-09-13,M1801
2017-09-14,M1801
2017-09-15,M1801
2017-09-18,M1801
2017-09-19,M1801
2017-09-20,M1801
2017-09-21,M1801
2017-09-22,M1801
2017-09-25,M1801
2017-09-26,M1801
2017-09-27,M1801
2017-09-28,M1801
2017-09-29,M1801
2017-10-09,M1801
2017-10-10,M1801
2017-10-11,M1801
2017-10-12,M1801
2017-10-13,M1801
2017-10-16,M1801
2017-10-17,M1801
2017-10-18,M1801
2017-10-19,M1801
2017-10-20,M1801
2017-10-23,M1801
2017-10-24,M1801
2017-10-25,M1801
2017-10-26,M1801
2017-10-27,M1801
2017-10-30,M1801
2017-10-31,M1801
2017-11-01,M1801
2017-11-02,M1801
2017-11-03,M1801
2017-11-06,M1801
2017-11-07,M1801
2017-11-08,M1801
2017-11-09,M1801
2017-11-10,M1801
2017-11-13,M1801
2017-11-14,M1801
2017-11-15,M1801
2017-11-16,M1801
2017-11-17,M1801
2017-11-20,M1801
2017-11-21,M1801
2017-11-22,M1801
2017-11-23,M1805
2017-11-24,M1805
2017-11-27,M1805
2017-11-28,M1805
2017-11-29,M1805
2017-11-30,M1805
2017-12-01,M1805
2017-12-04,M1805
2017-12-05,M1805
2017-12-06,M1805
2017-12-07,M1805
2017-12-08,M1805
2017-12-11,M1805
2017-12-12,M1805
2017-12-13,M1805
2017-12-14,M1805
2017-12-15,M1805
2017-12-18,M1805
2017-12-19,M1805
2017-12-20,M1805
2017-12-21,M1805
2017-12-22,M1805
2017-12-25,M1805
2017-12-26,M1805
2017-12-27,M1805
2017-12-28,M1805
2017-12-29,M1805
2018-01-02,M1805
2018-01-03,M1805
2018-01-04,M1805
2018-01-05,M1805
2018-01-08,M1805
2018-01-09,M1805
2018-01-10,M1805
2018-01-11,M1805
2018-01-12,M1805
2018-01-15,M1805
2018-01-16,M1805
2018-01-17,M1805
2018-01-18,M1805
2018-01-19,M1805
2018-01-22,M1805
2018-01-23,M1805
2018-01-24,M1805
2018-01-25,M1805
2018-01-26,M1805
2018-01-29,M1805
2018-01-30,M1805
2018-01-31,M1805
2018-02-01,M1805
2018-02-02,M1805
2018-02-05,M1805
2018-02-06,M1805
2018-02-07,M1805
2018-02-08,M1805
2018-02-09,M1805
2018-02-12,M1805
2018-02-13,M1805
2018-02-14,M1805
2018-02-22,M1805
2018-02-23,M1805
2018-02-26,M1805
2018-02-27,M1805
2018-02-28,M1805
2018-03-01,M1805
2018-03-02,M1805
2018-03-05,M1805
2018-03-06,M1805
2018-03-07,M1805
2018-03-08,M1805
2018-03-09,M1805
2018-03-12,M1805
2018-03-13,M1805
2018-03-14,M1805
2018-03-15,M1805
2018-03-16,M1809
2018-03-19,M1809
2018-03-20,M1809
2018-03-21,M1809
2018-03-22,M1809
2018-03-23,M1809
2018-03-26,M1809
2018-03-27,M1809
2018-03-28,M1809
2018-03-29,M1809
2018-03-30,M1809
2018-04-02,M1809
2018-04-03,M1809
2018-04-04,M1809
2018-04-09,M1809
2018-04-10,M1809
2018-04-11,M1809
2018-04-12,M1809
2018-04-13,M1809
2018-04-16,M1809
2018-04-17,M1809
2018-04-18,M1809
2018-04-19,M1809
2018-04-20,M1809
2018-04-23,M1809
2018-04-24,M1809
2018-04-25,M1809
2018-04-26,M1809
2018-04-27,M1809
2018-05-02,M1809
2018-05-03,M1809
2018-05-04,M1809
2018-05-07,M1809
2018-05-08,M1809
2018-05-09,M1809
2018-05-10,M1809
2018-05-11,M1809
2018-05-14,M1809
2018-05-15,M1809
2018-05-16,M1809
2018-05-17,M1809
2018-05-18,M1809
2018-05-21,M1809
2018-05-22,M1809
2018-05-23,M1809
2018-05-24,M1809
2018-05-25,M1809
2018-05-28,M1809
2018-05-29,M1809
2018-05-30,M1809
2018-05-31,M1809
2018-06-01,M1809
2018-06-04,M1809
2018-06-05,M1809
2018-06-06,M1809
2018-06-07,M1809
2018-06-08,M1809
2018-06-11,M1809
2018-06-12,M1809
2018-06-13,M1809
2018-06-14,M1809
2018-06-15,M1809
2018-06-19,M1809
2018-06-20,M1809
2018-06-21,M1809
2018-06-22,M1809
2018-06-25,M1809
2018-06-26,M1809
2018-06-27,M1809
2018-06-28,M1809
2018-06-29,M1809
2018-07-02,M1809
2018-07-03,M1809
2018-07-04,M1809
2018-07-05,M1901
2018-07-06,M1901
2018-07-09,M1901
2018-07-10,M1901
2018-07-11,M1901
2018-07-12,M1901
2018-07-13,M1901
2018-07-16,M1901
2018-07-17,M1901
2018-07-18,M1901
2018-07-19,M1901
2018-07-20,M1901
2018-07-23,M1901
2018-07-24,M1901
2018-07-25,M1901
2018-07-26,M1901
2018-07-27,M1901
2018-07-30,M1901
2018-07-31,M1901
2018-08-01,M1901
2018-08-02,M1901
2018-08-03,M1901
2018-08-06,M1901
2018-08-07,M1901
2018-08-08,M1901
2018-08-09,M1901
2018-08-10,M1901
2018-08-13,M1901
2018-08-14,M1901
2018-08-15,M1901
2018-08-16,M1901
2018-08-17,M1901
2018-08-20,M1901
2018-08-21,M1901
2018-08-22,M1901
2018-08-23,M1901
2018-08-24,M1901
2018-08-27,M1901
2018-08-28,M1901
2018-08-29,M1901
2018-08-30,M1901
2018-08-31,M1901
2018-09-03,M1901
2018-09-04,M1901
2018-09-05,M1901
2018-09-06,M1901
2018-09-07,M1901
2018-09-10,M1901
2018-09-11,M1901
2018-09-12,M1901
2018-09-13,M1901
2018-09-14,M1901
2018-09-17,M1901
2018-09-18,M1901
2018-09-19,M1901
2018-09-20,M1901
2018-09-21,M1901
2018-09-25,M1901
2018-09-26,M1901
2018-09-27,M1901
2018-09-28,M1901
2018-10-08,M1901
2018-10-09,M1901
2018-10-10,M1901
2018-10-11,M1901
2018-10-12,M1901
2018-10-15,M1901
2018-10-16,M1901
2018-10-17,M1901
2018-10-18,M1901
2018-10-19,M1901
2018-10-22,M1901
2018-10-23,M1901
2018-10-24,M1901
2018-10-25,M1901
2018-10-26,M1901
2018-10-29,M1901
2018-10-30,M1901
2018-10-31,M1901
2018-11-01,M1901
2018-11-02,M1901
2018-11-05,M1901
2018-11-06,M1901
2018-11-07,M1901
2018-11-08,M1901
2018-11-09,M1901
2018-11-12,M1901
2018-11-13,M1901
2018-11-14,M1901
2018-11-15,M1901
2018-11-16,M1901
2018-11-19,M1901
2018-11-20,M1901
2018-11-21,M1901
2018-11-22,M1901
2018-11-23,M1901
2018-11-26,M1901
2018-11-27,M1905
2018-11-28,M1905
2018-11-29,M1905
2018-11-30,M1905
2018-12-03,M1905
2018-12-04,M1905
2018-12-05,M1905
2018-12-06,M1905
2018-12-07,M1905
2018-12-10,M1905
2018-12-11,M1905
2018-12-12,M1905
2018-12-13,M1905
2018-12-14,M1905
2018-12-17,M1905
2018-12-18,M1905
2018-12-19,M1905
2018-12-20,M1905
2018-12-21,M1905
2018-12-24,M1905
2018-12-25,M1905
2018-12-26,M1905
2018-12-27,M1905
2018-12-28,M1905
2019-01-02,M1905
2019-01-03,M1905
2019-01-04,M1905
2019-01-07,M1905
2019-01-08,M1905
2019-01-09,M1905
2019-01-10,M1905
2019-01-11,M1905
2019-01-14,M1905
2019-01-15,M1905
2019-01-16,M1905
2019-01-17,M1905
2019-01-18,M1905
2019-01-21,M1905
2019-01-22,M1905
2019-01-23,M1905
2019-01-24,M1905
2019-01-25,M1905
2019-01-28,M1905
2019-01-29,M1905
2019-01-30,M1905
2019-01-31,M1905
2019-02-01,M1905
2019-02-11,M1905
2019-02-12,M1905
2019-02-13,M1905
2019-02-14,M1905
2019-02-15,M1905
2019-02-18,M1905
2019-02-19,M1905
2019-02-20,M1905
2019-02-21,M1905
2019-02-22,M1905
2019-02-25,M1905
2019-02-26,M1905
2019-02-27,M1905
2019-02-28,M1905
2019-03-01,M1905
2019-03-04,M1905
2019-03-05,M1905
2019-03-06,M1905
2019-03-07,M1905
2019-03-08,M1905
2019-03-11,M1905
2019-03-12,M1905
2019-03-13,M1905
2019-03-14,M1905
2019-03-15,M1905
2019-03-18,M1905
2019-03-19,M1905
2019-03-20,M1905
2019-03-21,M1905
2019-03-22,M1905
2019-03-25,M1905
2019-03-26,M1905
2019-03-27,M1905
2019-03-28,M1905
2019-03-29,M1905
2019-04-01,M1909
2019-04-02,M1909
2019-04-03,M1909
2019-04-04,M1909
2019-04-08,M1909
2019-04-09,M1909
2019-04-10,M1909
2019-04-11,M1909
2019-04-12,M1909
2019-04-15,M1909
2019-04-16,M1909
2019-04-17,M1909
2019-04-18,M1909
2019-04-19,M1909
2019-04-22,M1909
2019-04-23,M1909
2019-04-24,M1909
2019-04-25,M1909
2019-04-26,M1909
2019-04-29,M1909
2019-04-30,M1909
2019-05-06,M1909
2019-05-07,M1909
2019-05-08,M1909
2019-05-09,M1909
2019-05-10,M1909
2019-05-13,M1909
2019-05-14,M1909
2019-05-15,M1909
2019-05-16,M1909
2019-05-17,M1909
2019-05-20,M1909
2019-05-21,M1909
2019-05-22,M1909
2019-05-23,M1909
2019-05-24,M1909
2019-05-27,M1909
2019-05-28,M1909
2019-05-29,M1909
2019-05-30,M1909
2019-05-31,M1909
2019-06-03,M1909
2019-06-04,M1909
2019-06-05,M1909
2019-06-06,M1909
2019-06-10,M1909
2019-06-11,M1909
2019-06-12,M1909
2019-06-13,M1909
2019-06-14,M1909
2019-06-17,M1909
2019-06-18,M1909
2019-06-19,M1909
2019-06-20,M1909
2019-06-21,M1909
2019-06-24,M1909
2019-06-25,M1909
2019-06-26,M1909
2019-06-27,M1909
2019-06-28,M1909
2019-07-01,M1909
2019-07-02,M1909
2019-07-03,M1909
2019-07-04,M1909
2019-07-05,M1909
2019-07-08,M1909
2019-07-09,M1909
2019-07-10,M1909
2019-07-11,M1909
2019-07-12,M1909
2019-07-15,M1909
2019-07-16,M1909
2019-07-17,M1909
2019-07-18,M1909
2019-07-19,M1909
2019-07-22,M1909
2019-07-23,M1909
2019-07-24,M1909
2019-07-25,M1909
2019-07-26,M1909
2019-07-29,M1909
2019-07-30,M1909
2019-07-31,M1909
2019-08-01,M1909
2019-08-02,M1909
2019-08-05,M1909
2019-08-06,M2001
2019-08-07,M2001
2019-08-08,M2001
2019-08-09,M2001
2019-08-12,M2001
2019-08-13,M2001
2019-08-14,M2001
2019-08-15,M2001
2019-08-16,M2001
2019-08-19,M2001
2019-08-20,M2001
2019-08-21,M2001
2019-08-22,M2001
2019-08-23,M2001
2019-08-26,M2001
2019-08-27,M2001
2019-08-28,M2001
2019-08-29,M2001
2019-08-30,M2001
2019-09-02,M2001
2019-09-03,M2001
2019-09-04,M2001
2019-09-05,M2001
2019-09-06,M2001
2019-09-09,M2001
2019-09-10,M2001
2019-09-11,M2001
2019-09-12,M2001
2019-09-16,M2001
2019-09-17,M2001
2019-09-18,M2001
2019-09-19,M2001
2019-09-20,M2001
2019-09-23,M2001
2019-09-24,M2001
2019-09-25,M2001
2019-09-26,M2001
2019-09-27,M2001
2019-09-30,M2001
2019-10-08,M2001
2019-10-09,M2001
2019-10-10,M2001
2019-10-11,M2001
2019-10-14,M2001
2019-10-15,M2001
2019-10-16,M2001
2019-10-17,M2001
2019-10-18,M2001
2019-10-21,M2001
2019-10-22,M2001
2019-10-23,M2001
2019-10-24,M2001
2019-10-25,M2001
2019-10-28,M2001
2019-10-29,M2001
2019-10-30,M2001
2019-10-31,M2001
2019-11-01,M2001
2019-11-04,M2001
2019-11-05,M2005
2019-11-06,M2005
2019-11-07,M2005
2019-11-08,M2005
2019-11-11,M2005
2019-11-12,M2005
2019-11-13,M2005
2019-11-14,M2005
2019-11-15,M2005
2019-11-18,M2005
2019-11-19,M2005
2019-11-20,M2005
2019-11-21,M2005
2019-11-22,M2005
2019-11-25,M2005
2019-11-26,M2005
2019-11-27,M2005
2019-11-28,M2005
2019-11-29,M2005
2019-12-02,M2005
2019-12-03,M2005
2019-12-04,M2005
2019-12-05,M2005
2019-12-06,M2005
2019-12-09,M2005
2019-12-10,M2005
2019-12-11,M2005
2019-12-12,M2005
2019-12-13,M2005
2019-12-16,M2005
2019-12-17,M2005
2019-12-18,M2005
2019-12-19,M2005
2019-12-20,M2005
2019-12-23,M2005
2019-12-24,M2005
2019-12-25,M2005
2019-12-26,M2005
2019-12-27,M2005
2019-12-30,M2005
2019-12-31,M2005
2020-01-02,M2005
2020-01-03,M2005
2020-01-06,M2005
2020-01-07,M2005
2020-01-08,M2005
2020-01-09,M2005
2020-01-10,M2005
2020-01-13,M2005
2020-01-14,M2005
2020-01-15,M2005
2020-01-16,M2005
2020-01-17,M2005
2020-01-20,M2005
2020-01-21,M2005
2020-01-22,M2005
2020-01-23,M2005
2020-02-03,M2005
2020-02-04,M2005
2020-02-05,M2005
2020-02-06,M2005
2020-02-07,M2005
2020-02-10,M2005
2020-02-11,M2005
2020-02-12,M2005
2020-02-13,M2005
2020-02-14,M2005
2020-02-17,M2005
2020-02-18,M2005
2020-02-19,M2005
2020-02-20,M2005
2020-02-21,M2005
2020-02-24,M2005
2020-02-25,M2005
2020-02-26,M2005
2020-02-27,M2005
2020-02-28,M2005
2020-03-02,M2005
2020-03-03,M2005
2020-03-04,M2009
2020-03-05,M2009
2020-03-06,M2009
2020-03-09,M2009
2020-03-10,M2009
2020-03-11,M2009
2020-03-12,M2009
2020-03-13,M2009
2020-03-16,M2009
2020-03-17,M2009
2020-03-18,M2009
2020-03-19,M2009
2020-03-20,M2009
2020-03-23,M2009
2020-03-24,M2009
2020-03-25,M2009
2020-03-26,M2009
2020-03-27,M2009
2020-03-30,M2009
2020-03-31,M2009
2020-04-01,M2009
2020-04-02,M2009
2020-04-03,M2009
2020-04-07,M2009
2020-04-08,M2009
2020-04-09,M2009
2020-04-10,M2009
2020-04-13,M2009
2020-04-14,M2009
2020-04-15,M2009
2020-04-16,M2009
2020-04-17,M2009
2020-04-20,M2009
2020-04-21,M2009
2020-04-22,M2009
2020-04-23,M2009
2020-04-24,M2009
2020-04-27,M2009
2020-04-28,M2009
2020-04-29,M2009
2020-04-30,M2009
2020-05-06,M2009
2020-05-07,M2009
2020-05-08,M2009
2020-05-11,M2009
2020-05-12,M2009
2020-05-13,M2009
2020-05-14,M2009
2020-05-15,M2009
2020-05-18,M2009
2020-05-19,M2009
2020-05-20,M2009
2020-05-21,M2009
2020-05-22,M2009
2020-05-25,M2009
2020-05-26,M2009
2020-05-27,M2009
2020-05-28,M2009
2020-05-29,M2009
2020-06-01,M2009
2020-06-02,M2009
2020-06-03,M2009
2020-06-04,M2009
2020-06-05,M2009
2020-06-08,M2009
2020-06-09,M2009
2020-06-10,M2009
2020-06-11,M2009
2020-06-12,M2009
2020-06-15,M2009
2020-06-16,M2009
2020-06-17,M2009
2020-06-18,M2009
2020-06-19,M2009
2020-06-22,M2009
2020-06-23,M2009
2020-06-24,M2009
2020-06-29,M2009
2020-06-30,M2009
2020-07-01,M2009
2020-07-02,M2009
2020-07-03,M2009
2020-07-06,M2009
2020-07-07,M2009
2020-07-08,M2009
2020-07-09,M2009
2020-07-10,M2009
2020-07-13,M2009
2020-07-14,M2009
2020-07-15,M2009
2020-07-16,M2009
2020-07-17,M2009
2020-07-20,M2009
2020-07-21,M2009
2020-07-22,M2009
2020-07-23,M2009
2020-07-24,M2009
2020-07-27,M2101
2020-07-28,M2101
2020-07-29,M2101
2020-07-30,M2101
2020-07-31,M2101
2020-08-03,M2101
2020-08-04,M2101
2020-08-05,M2101
2020-08-06,M2101
2020-08-07,M2101
2020-08-10,M2101
2020-08-11,M2101
2020-08-12,M2101
2020-08-13,M2101
2020-08-14,M2101
2020-08-17,M2101
2020-08-18,M2101
2020-08-19,M2101
2020-08-20,M2101
2020-08-21,M2101
2020-08-24,M2101
2020-08-25,M2101
2020-08-26,M2101
2020-08-27,M2101
2020-08-28,M2101
2020-08-31,M2101
2020-09-01,M2101
2020-09-02,M2101
2020-09-03,M2101
2020-09-04,M2101
2020-09-07,M2101
2020-09-08,M2101
2020-09-09,M2101
2020-09-10,M2101
2020-09-11,M2101
2020-09-14,M2101
2020-09-15,M2101
2020-09-16,M2101
2020-09-17,M2101
2020-09-18,M2101
2020-09-21,M2101
2020-09-22,M2101
2020-09-23,M2101
2020-09-24,M2101
2020-09-25,M2101
2020-09-28,M2101
2020-09-29,M2101
2020-09-30,M2101
2020-10-09,M2101
2020-10-12,M2101
2020-10-13,M2101
2020-10-14,M2101
2020-10-15,M2101
2020-10-16,M2101
2020-10-19,M2101
2020-10-20,M2101
2020-10-21,M2101
2020-10-22,M2101
2020-10-23,M2101
2020-10-26,M2101
2020-10-27,M2101
2020-10-28,M2101
2020-10-29,M2101
2020-10-30,M2101
2020-11-02,M2101
2020-11-03,M2101
2020-11-04,M2101
2020-11-05,M2101
2020-11-06,M2105
2020-11-09,M2105
2020-11-10,M2105
2020-11-11,M2105
2020-11-12,M2105
2020-11-13,M2105
2020-11-16,M2105
2020-11-17,M2105
2020-11-18,M2105
2020-11-19,M2105
2020-11-20,M2105
2020-11-23,M2105
2020-11-24,M2105
2020-11-25,M2105
2020-11-26,M2105
2020-11-27,M2105
2020-11-30,M2105
2020-12-01,M2105
2020-12-02,M2105
2020-12-03,M2105
2020-12-04,M2105
2020-12-07,M2105
2020-12-08,M2105
2020-12-09,M2105
2020-12-10,M2105
2020-12-11,M2105
2020-12-14,M2105
2020-12-15,M2105
2020-12-16,M2105
2020-12-17,M2105
2020-12-18,M2105
2020-12-21,M2105
2020-12-22,M2105
2020-12-23,M2105
2020-12-24,M2105
2020-12-25,M2105
2020-12-28,M2105
2020-12-29,M2105
2020-12-30,M2105
2020-12-31,M2105
2021-01-04,M2105
2021-01-05,M2105
2021-01-06,M2105
2021-01-07,M2105
2021-01-08,M2105
2021-01-11,M2105
2021-01-12,M2105
2021-01-13,M2105
2021-01-14,M2105
2021-01-15,M2105
2021-01-18,M2105
2021-01-19,M2105
2021-01-20,M2105
2021-01-21,M2105
2021-01-22,M2105
2021-01-25,M2105
2021-01-26,M2105
2021-01-27,M2105
2021-01-28,M2105
2021-01-29,M2105
2021-02-01,M2105
2021-02-02,M2105
2021-02-03,M2105
2021-02-04,M2105
2021-02-05,M2105
2021-02-08,M2105
2021-02-09,M2105
2021-02-10,M2105
2021-02-18,M2105
2021-02-19,M2105
2021-02-22,M2105
2021-02-23,M2105
2021-02-24,M2105
2021-02-25,M2105
2021-02-26,M2105
2021-03-01,M2105
2021-03-02,M2105
2021-03-03,M2105
2021-03-04,M2105
2021-03-05,M2105
2021-03-08,M2105
2021-03-09,M2105
2021-03-10,M2105
2021-03-11,M2105
2021-03-12,M2105
2021-03-15,M2105
2021-03-16,M2105
2021-03-17,M2109
2021-03-18,M2109
2021-03-19,M2109
2021-03-22,M2109
2021-03-23,M2109
2021-03-24,M2109
2021-03-25,M2109
2021-03-26,M2109
2021-03-29,M2109
2021-03-30,M2109
2021-03-31,M2109
2021-04-01,M2109
2021-04-02,M2109
2021-04-06,M2109
2021-04-07,M2109
2021-04-08,M2109
2021-04-09,M2109
2021-04-12,M2109
2021-04-13,M2109
2021-04-14,M2109
2021-04-15,M2109
2021-04-16,M2109
2021-04-19,M2109
2021-04-20,M2109
2021-04-21,M2109
2021-04-22,M2109
2021-04-23,M2109
2021-04-26,M2109
2021-04-27,M2109
2021-04-28,M2109
2021-04-29,M2109
2021-04-30,M2109
2021-05-06,M2109
2021-05-07,M2109
2021-05-10,M2109
2021-05-11,M2109
2021-05-12,M2109
2021-05-13,M2109
2021-05-14,M2109
2021-05-17,M2109
2021-05-18,M2109
2021-05-19,M2109
2021-05-20,M2109
2021-05-21,M2109
2021-05-24,M2109
2021-05-25,M2109
2021-05-26,M2109
2021-05-27,M2109
2021-05-28,M2109
2021-05-31,M2109
2021-06-01,M2109
2021-06-02,M2109
2021-06-03,M2109
2021-06-04,M2109
2021-06-07,M2109
2021-06-08,M2109
2021-06-09,M2109
2021-06-10,M2109
2021-06-11,M2109
2021-06-15,M2109
2021-06-16,M2109
2021-06-17,M2109
2021-06-18,M2109
2021-06-21,M2109
2021-06-22,M2109
2021-06-23,M2109
2021-06-24,M2109
2021-06-25,M2109
2021-06-28,M2109
2021-06-29,M2109
2021-06-30,M2109
2021-07-01,M2109
2021-07-02,M2109
2021-07-05,M2109
2021-07-06,M2109
2021-07-07,M2109
2021-07-08,M2109
2021-07-09,M2109
2021-07-12,M2109
2021-07-13,M2109
2021-07-14,M2109
2021-07-15,M2109
2021-07-16,M2109
2021-07-19,M2109
2021-07-20,M2109
2021-07-21,M2109
2021-07-22,M2109
2021-07-23,M2109
2021-07-26,M2109
2021-07-27,M2109
2021-07-28,M2109
2021-07-29,M2109
2021-07-30,M2109
2021-08-02,M2109
2021-08-03,M2109
2021-08-04,M2109
2021-08-05,M2109
2021-08-06,M2201
2021-08-09,M2201
2021-08-10,M2201
2021-08-11,M2201
2021-08-12,M2201
2021-08-13,M2201
2021-08-16,M2201
2021-08-17,M2201
2021-08-18,M2201
2021-08-19,M2201
2021-08-20,M2201
2021-08-23,M2201
2021-08-24,M2201
2021-08-25,M2201
2021-08-26,M2201
2021-08-27,M2201
2021-08-30,M2201
2021-08-31,M2201
2021-09-01,M2201
2021-09-02,M2201
2021-09-03,M2201
2021-09-06,M2201
2021-09-07,M2201
2021-09-08,M2201
2021-09-09,M2201
2021-09-10,M2201
2021-09-13,M2201
2021-09-14,M2201
2021-09-15,M2201
2021-09-16,M2201
2021-09-17,M2201
2021-09-22,M2201
2021-09-23,M2201
2021-09-24,M2201
2021-09-27,M2201
2021-09-28,M2201
2021-09-29,M2201
2021-09-30,M2201
2021-10-08,M2201
2021-10-11,M2201
2021-10-12,M2201
2021-10-13,M2201
2021-10-14,M2201
2021-10-15,M2201
2021-10-18,M2201
2021-10-19,M2201
2021-10-20,M2201
2021-10-21,M2201
2021-10-22,M2201
2021-10-25,M2201
2021-10-26,M2201
2021-10-27,M2201
2021-10-28,M2201
2021-10-29,M2201
2021-11-01,M2201
2021-11-02,M2201
2021-11-03,M2201
2021-11-04,M2201
2021-11-05,M2201
2021-11-08,M2201
2021-11-09,M2201
2021-11-10,M2201
2021-11-11,M2201
2021-11-12,M2201
2021-11-15,M2201
2021-11-16,M2201
2021-11-17,M2201
2021-11-18,M2201
2021-11-19,M2201
2021-11-22,M2201
2021-11-23,M2201
2021-11-24,M2201
2021-11-25,M2205
2021-11-26,M2205
2021-11-29,M2205
2021-11-30,M2205
2021-12-01,M2205
2021-12-02,M2205
2021-12-03,M2205
2021-12-06,M2205
2021-12-07,M2205
2021-12-08,M2205
2021-12-09,M2205
2021-12-10,M2205
2021-12-13,M2205
2021-12-14,M2205
2021-12-15,M2205
2021-12-16,M2205
2021-12-17,M2205
2021-12-20,M2205
2021-12-21,M2205
2021-12-22,M2205
2021-12-23,M2205
2021-12-24,M2205
2021-12-27,M2205
2021-12-28,M2205
2021-12-29,M2205
2021-12-30,M2205
2021-12-31,M2205
2022-01-04,M2205
2022-01-05,M2205
2022-01-06,M2205
2022-01-07,M2205
2022-01-10,M2205
2022-01-11,M2205
2022-01-12,M2205
2022-01-13,M2205
2022-01-14,M2205
2022-01-17,M2205
2022-01-18,M2205
2022-01-19,M2205
2022-01-20,M2205
2022-01-21,M2205
2022-01-24,M2205
2022-01-25,M2205
2022-01-26,M2205
2022-01-27,M2205
2022-01-28,M2205
2022-02-07,M2205
2022-02-08,M2205
2022-02-09,M2205
2022-02-10,M2205
2022-02-11,M2205
2022-02-14,M2205
2022-02-15,M2205
